title	url	vcn
【纪录片】亿万富翁们的饕餮盛宴 Feeding The Super Rich （2015）	https://www.bilibili.com/video/av12350311	1204000
【纪录片/BBC】地球脉动-Planet Earth （2006）	https://www.bilibili.com/video/av9769371	1073000
【BBC纪录片】文明	https://www.bilibili.com/video/av22177554	728000
那英献唱《国家宝藏》主题曲《 一眼千年》 bilibili12月3日24点正片上线	https://space.bilibili.com/258844831/#/dynamic	698000
【纪录片】萌宠成长记-TOO CUTE! PINT SIZED	https://www.bilibili.com/video/av23568594	577000
【纪录片/BBC】蓝色星球 THE BLUE PLANET （2001）	https://www.bilibili.com/video/av11362502	546000
【纪录片】凶猛动物-FIERCE	https://www.bilibili.com/video/av23876419	494000
【纪录片】贝爷生存学院-BEAR GRYLLS' SURVIVAL SCHOOL (SERIES 1)	https://www.bilibili.com/video/av23980095	448000
【BBC/纪录片】《神奇的月球》Wonders of the Moon 2017	https://www.bilibili.com/video/av18951242	370000
【纪录片/BBC】生而为王 Born To Be King（2013）	https://www.bilibili.com/video/av11016337	354000
【纪录片/BBC】企鹅群里有特务-Penguins Spy In the Huddle （2013）	https://www.bilibili.com/video/av9747372	235000
【纪录片/BBC】百万美国公主 Million Dollar American Princesses （2015）	https://www.bilibili.com/video/av9813230	222000
2013年红牛国际街舞大赛-Red Bull BC One / 2013	https://www.bilibili.com/video/av21997735	220000
【纪录片】恶魔在人间-True Monsters【2015】	https://www.bilibili.com/video/av16317010	217000
"【纪录片】两百万卡路里的自助餐 The 2,000,000 Calorie Buffet （2016）"	https://www.bilibili.com/video/av11844774	202000
【纪录片/BBC】猫咪日记 Little Cat Diaries (2013) 【地平线系列】	https://www.bilibili.com/video/av11757896	198000
【纪录片/BBC】走进黑暗网络 Inside The Dark Web (2014) 【地平线系列】	https://www.bilibili.com/video/av11755668	193000
【纪录片/BBC】熊猫宝宝 Panda Babies（2015）	https://www.bilibili.com/video/av11119309	176000
【纪录片/BBC】世界上最著名的学校 THE MOST FAMOUS SCHOOL IN THE WORLD （2014）	https://www.bilibili.com/video/av11016495	171000
【纪录片】BBC 糟糕的历史 第一季-HORRIBLE HISTORIES: SERIES 1	https://www.bilibili.com/video/av26782419	166000
【纪录片/BBC】生命 Life（2009）	https://www.bilibili.com/video/av11016639	165000
【纪录片/NHK】思考的乌鸦 科学的思考方法-Think Like a Crow! The Scientific Method（2013）	https://www.bilibili.com/video/av10087904	149000
【纪录片】Cats vs Dogs - Which is Best-猫狗之争 谁更适合做宠物 （2015）	https://www.bilibili.com/video/av13779802	144000
【纪录片/BBC】零度以下的生活:消融 第一季 LIFE BELOW ZERO - THE THAW: SERIES 1 （2013）	https://www.bilibili.com/video/av10990609	140000
【纪录片/BBC】冰冻星球 Frozen Planet (2011)	https://www.bilibili.com/video/av9813349	140000
【纪录片/BBC】巧克力-苦的真相 PANORAMA: CHOCOLATE - THE BITTER TRUTH （2010）	https://www.bilibili.com/video/av11668885	137000
【纪录片】爱情与色欲 Love and Lust	https://www.bilibili.com/video/av20395148	133000
【纪录片】智慧中国：众创时代	https://www.bilibili.com/video/av21914174	131000
【纪录片/BBC】宇宙大爆炸前发生了什么 WHAT HAPPENED BEFORE THE BIG BANG （2010） 【地平线系列】	https://www.bilibili.com/video/av11675051	130000
【BBC纪录片】文明 第三集 画卷天堂	https://www.bilibili.com/video/av22253603	126000
【纪录片】“杀死”老妈的50种方法 第一季 50 ways to kill your mammy	https://www.bilibili.com/video/av14806805	125000
【纪录片】蛮族崛起 Barbarians Rising （2016）	https://www.bilibili.com/video/av16071381	124000
【纪录片/BBC】宇宙有多大 HOW BIG IS THE UNIVERSE?（2012）【地平线系列】	https://www.bilibili.com/video/av10788045	122000
哈里&梅根：皇室婚礼-Harry&Meghan：The Royal Wedding	https://www.bilibili.com/video/av23688424	121000
【BBC纪录片】文明 第八集 进步崇拜	https://www.bilibili.com/video/av22957378	120000
【纪录片/BBC】我们的世界大战 Our World War（2014）	https://www.bilibili.com/video/av11132594	120000
【纪录片/BBC】大熊猫在英国 WILD ABOUT PANDAS （2012）	https://www.bilibili.com/video/av11729665	119000
行为恶劣的植物?（2013）	https://www.bilibili.com/video/av20143095	116000
【纪录片/BBC】宇宙奇观 Wonders of The Universe（2011）	https://www.bilibili.com/video/av11119089	115000
【纪录片/BBC】欢迎来到减肥世界-Welcome To The World Of Weight Loss （2012）	https://www.bilibili.com/video/av9769275	115000
【纪录片/NHK】动物宝宝 迷你特辑-Animal Babies: Mini Album （2014）	https://www.bilibili.com/video/av10126571	110000
【纪录片】真实的夏洛克・福尔摩斯 The Real Sherlock Holmes（2012）	https://www.bilibili.com/video/av14887016	109000
【BBC纪录片】文明 第四集 信仰之眼	https://www.bilibili.com/video/av22257668	108000
【纪录片】疯狂蛋糕 Choccywoccydoodah （2016）	https://www.bilibili.com/video/av12432043	107000
【纪录片/BBC】减肥十件事 10 THINGS YOU NEED TO KNOW ABOUT LOSING WEIGHT? （2009）	https://www.bilibili.com/video/av10642214	106000
【纪录片/BBC】南太平洋 South Pacific（2009）	https://www.bilibili.com/video/av10990675	102000
【纪录片】现代奇迹之超级武器大倒数	https://www.bilibili.com/video/av17807713	101000
【纪录片/BBC】黑洞吞噬 -SWALLOWED BY A BLACK HOLE （2013）【地平线系列】	https://www.bilibili.com/video/av9829243	101000
【纪录片】卡尔・拉格斐：孤独的时尚大帝-Karl Lagerfeld : a Lonely King	https://www.bilibili.com/video/av16622855	98000
【纪录片】走进肯德基 ：十亿美元鸡肉店-INSIDE KFC: THE BILLION DOLLAR CHICKEN SHOP	https://www.bilibili.com/video/av24571314	95000
【纪录片-NHK】良工巨匠：用心熟食店-超市经营者-The Professionals-Deli Meals from the Heart-Supermarke	https://www.bilibili.com/video/av10764661	95000
【BBC纪录片】文明 第六集 初次邂逅	https://www.bilibili.com/video/av22602844	94000
【纪录片/BBC】上流生活 Life Is Toff（2014）	https://www.bilibili.com/video/av11016278	88000
【纪录片/BBC】我们该玩电子游戏吗 SHOULD YOU REALLY PLAY VIDEO GAMES? （2015）【地平线系列】	https://www.bilibili.com/video/av9829254	86000
【纪录片】手工作坊的秘密-Workshops’ Secrets	https://www.bilibili.com/video/av16622915	84000
【纪录片】全球最佳饮食 World's Best Diets	https://www.bilibili.com/video/av13743532	83000
【BBC纪录片】文明 第九集 重要的火花	https://www.bilibili.com/video/av23198916	82000
【纪录片】新鲜水果的冒牌货 Fresh Fruit Fakers	https://www.bilibili.com/video/av16801410	80000
【纪录片/NHK】生命大跃进-LEAPS IN EVOLUTION（2015）	https://www.bilibili.com/video/av10764965	80000
【纪录片】幻影与银影_劳斯莱斯的百年企业史	https://www.bilibili.com/video/av18098328	78000
【纪录片】舞者 DANCER	https://www.bilibili.com/video/av14458300	77000
【纪录片/BBC】糖脂大战-Sugar V Fat (2014)【地平线系列】	https://www.bilibili.com/video/av9829631	77000
【纪录片/NHK】涉谷十字路口-Shibuya Crossings（2015）	https://www.bilibili.com/video/av10299812	76000
【纪录片】于贝尔・德・纪梵希：高级定制的生活-Hubert de Givenchy : a Life	https://www.bilibili.com/video/av16623044	75000
【纪录片】猫女士-Cat Ladies	https://www.bilibili.com/video/av16513369	75000
【BBC纪录片】文明 第五集 艺术的胜利	https://www.bilibili.com/video/av22594262	74000
【纪录片】维生素的真相 The Truth About Vitamins	https://www.bilibili.com/video/av16801670	74000
【纪录片/BBC】鸟瞰地球-Earth Flight（2011）	https://www.bilibili.com/video/av10990720	73000
【纪录片/BBC】拿破仑-NAPOLEON	https://www.bilibili.com/video/av13436206	72000
【纪录片/BBC】生命的故事 Life Story（2014）	https://www.bilibili.com/video/av11016552	72000
【纪录片/NHK】筑地寻味-Trails to Tsukiji（2014）	https://www.bilibili.com/video/av10107123	72000
【纪录片】鸡皮疙瘩 Squeamish（2011）	https://www.bilibili.com/video/av14886947	71000
【纪录片】世界上最昂贵的玩具 The World's Most Expensive Toys （2016）	https://www.bilibili.com/video/av11844764	70000
"【纪录片/NHK】超越大脑极限 中国的世界记忆力冠军- Beyond the Brain's Limits, The World Memory Champion"	https://www.bilibili.com/video/av10787171	70000
【纪录片】智商102的狗狗 Dog with an IQ of 102 （2016）	https://www.bilibili.com/video/av11821155	69000
【纪录片/BBC】猫咪的秘密生活 THE SECRET LIFE OF THE CAT （2013）【地平线系列】	https://www.bilibili.com/video/av9828633	68000
【纪录片】城市探险者-Urbex	https://www.bilibili.com/video/av24520435	67000
【纪录片/BBC】超级品牌的秘密 SECRETS OF THE SUPERBRANDS （2011）	https://www.bilibili.com/video/av11663375	65000
【纪录片】飘扬的安德烈耶夫旗-St Andrew’s Flag	https://www.bilibili.com/video/av24746761	63000
【纪录片】永远的高跟-ChristianLouboutin : Top of the Heels	https://www.bilibili.com/video/av16622946	61000
【纪录片/BBC】我们真的了解宇宙吗-IS EVERYTHING WE KNOW ABOUT THE UNIVERSE WRONG?（2010）【地平线系列】	https://www.bilibili.com/video/av9828895	61000
【纪录片】地球的秘密 Secrets Of the Earth	https://www.bilibili.com/video/av16623379	59000
【纪录片】你是种族主义者吗-Are You Racist	https://www.bilibili.com/video/av25635572	58000
【纪录片】筑地仙境 Tsukiji Wonderland	https://www.bilibili.com/video/av17281834	58000
【纪录片/BBC】博物馆的秘密 Museum Secrets Series1（2011）	https://www.bilibili.com/video/av9825725	58000
【纪录片】那些卖超级跑车的人-Supercars: The Million Pound Motors	https://www.bilibili.com/video/av24958624	56000
【纪录片】狗狗也许会飞 - Dogs Might Fly （2016）	https://www.bilibili.com/video/av12567540	56000
【BBC纪录片】文明 第七集 光辉	https://www.bilibili.com/video/av22932310	54000
【纪录片】地球未来2050 Xploration Nation: Earth 2050	https://www.bilibili.com/video/av15718261	54000
【纪录片/BBC】911： 改变世界的一天 911-The Day That Changed The （2011）	https://www.bilibili.com/video/av9813284	54000
【纪录片/NHK】自然奇境第十季-Nature Wonder Land X（2016）	https://www.bilibili.com/video/av10622417	54000
【纪录片/BBC】卧底海豚帮-DOLPHINS - SPY IN THE POD（2014）	https://www.bilibili.com/video/av10811038	53000
【纪录片】伊丽莎白二世- ELIZABETH II（2015）	https://www.bilibili.com/video/av11138812	52000
【纪录片/独播】大卫・爱登堡与巨象David Attenborough's Jumbo	https://www.bilibili.com/video/av17222708	50000
【纪录片/BBC】面对事实：肉毒杆菌的真相FACE FACTS: THE TRUTH ABOUT BOTOX (2011)	https://www.bilibili.com/video/av9650188	50000
【纪录片/BBC】我该吃肉吗 - Should I Eat Meat （2014）【地平线系列】	https://www.bilibili.com/video/av9828618	50000
法国设计饕餮大赏 Design Made in France	https://www.bilibili.com/video/av16403571	49000
【纪录片】新勇敢女孩 - Brave New Girls （2014）	https://www.bilibili.com/video/av13095318	48000
【纪录片】我们的学校 第一季 Our School Series 1 （2014）	https://www.bilibili.com/video/av12067069	47000
"【纪录片/BBC】威廉，凯特与乔治:新王室家庭 WILLIAM, KATE & GEORGE: A NEW ROYAL FAMILY （2015）"	https://www.bilibili.com/video/av11132601	47000
【纪录片/NHK】三宅一生 为设计而生-Issey Miyake Design for Feel（2015）	https://www.bilibili.com/video/av10409230	47000
威廉王子和凯特：皇室婚礼-Inside The Royal Wedding	https://www.bilibili.com/video/av23195383	45000
【纪录片】发现时尚 Discovering Fashion	https://www.bilibili.com/video/av17185341	45000
【纪录片】“杀死”老妈的50种方法 第二季 - 50 Ways to Kill Your Mammy S2 （2015）	https://www.bilibili.com/video/av11533956	45000
【纪录片/BBC】黄石公园 Yellowstone（2009）	https://www.bilibili.com/video/av10809630	45000
【纪录片/BBC】味觉的真相-THE TRUTH ABOUT TASTE （2013）【地平线系列】	https://www.bilibili.com/video/av9669371	45000
大逃亡-THE GREAT ESCAPE	https://www.bilibili.com/video/av21619548	44000
【纪录片】克里斯汀・迪奥 : 失乐园里的雅致-Christian Dior : the Refinement of a Lost Paradise	https://www.bilibili.com/video/av16622963	44000
【纪录片】松露大师-Masters of Truffle（2016）	https://www.bilibili.com/video/av11138823	44000
【纪录片】独家幕后揭秘 BBC满分神作是怎么拍出来的	https://www.bilibili.com/video/av17697654	43000
【纪录片/BBC】自然世界:喜马拉雅山 Natural World The Himalayas（2010）	https://www.bilibili.com/video/av11119003	43000
【纪录片-NHK】良工巨匠：抛光之神-金属抛光大师-The Professionals-The God of Polishing-Master Metal Po	https://www.bilibili.com/video/av10663391	43000
【纪录片】杰米私房菜 Jamie at Home（2006）	https://www.bilibili.com/video/av15687393	42000
【纪录片/BBC】寻找人工智能 The Hunt For Ai (2012）【地平线系列】	https://www.bilibili.com/video/av10124777	42000
【纪录片/BBC】书籍之美-The Beauty of Books (2011)	https://www.bilibili.com/video/av9747462	42000
【纪录片】英国生命线-KEEPING BRITAIN ALIVE	https://www.bilibili.com/video/av24576360	41000
【纪录片】北海道・美味独行 Eatrip （2015）	https://www.bilibili.com/video/av11138746	41000
【纪录片】未来食物-FUTURE FOOD	https://www.bilibili.com/video/av24566495	40000
【纪录片】极限之跃-14 Minutes from Earth	https://www.bilibili.com/video/av16343353	40000
【纪录片/BBC】全景：苹果无法兑现的承诺-Panorama Apple's Broken Promises （2014）	https://www.bilibili.com/video/av9669379	40000
【纪录片/BBC】肮脏的城市 Filthy Cities (2011)	https://www.bilibili.com/video/av9813265	40000
【纪录片】世界美食-Globalicious	https://www.bilibili.com/video/av23828039	39000
【纪录片】英国购物狂 Compulsive Shoppers （2014）	https://www.bilibili.com/video/av11821138	39000
【纪录片】超级迷你动物-SUPER TINY ANIMALS	https://www.bilibili.com/video/av23869835	38000
舌尖上的法国-A TASTE OF FRANCE	https://www.bilibili.com/video/av22243100	38000
【纪录片】柬埔寨，波尔波特和红色高棉	https://www.bilibili.com/video/av17165840	38000
【纪录片】军事科技秀 第二季-Military Tech Show	https://www.bilibili.com/video/av16513565	38000
罗马：帝国无止境-ROME - EMPIRE WITHOUT LIMIT WITH MARY BEA	https://www.bilibili.com/video/av23162798	37000
"奶奶的现代社会指南-GRANNY'S GUIDE TO THE MODERN WORLD,A"	https://www.bilibili.com/video/av22638960	37000
【纪录片】BBC NHU创新的60年20 延时摄影+航拍 日本樱花可以这样赏	https://www.bilibili.com/video/av17407243	37000
【纪录片】BBC NHU创新的60年13 穿越时空旅行 让灭绝动物活起来	https://www.bilibili.com/video/av17157155	37000
【纪录片】迪奥，大秀的秘密-Dior the secrets of a Show	https://www.bilibili.com/video/av16622895	36000
【纪录片/BBC】如何建造星球 How To Build A Planet（2013）	https://www.bilibili.com/video/av11016456	36000
明星猫咪-STAR PAWS - THE RISE OF THE SUPERSTAR PETS	https://www.bilibili.com/video/av22638733	35000
【纪录片】动物世界 - Animal Atlas【2016】	https://www.bilibili.com/video/av17126398	35000
 【纪录片】BBC NHU创新的60年10不走寻常路	https://www.bilibili.com/video/av17027198	35000
【纪录片/BBC】兵马俑的新秘密 NEW SECRETS OF THE TERRACOTTA WARRIORS （2013）	https://www.bilibili.com/video/av11668850	35000
【纪录片】葡萄酒大赏 - The Wine Show （2015）	https://www.bilibili.com/video/av12567431	34000
【纪录片/BBC】潜意识揭秘 Out of Control (2012) 【地平线系列】	https://www.bilibili.com/video/av10124781	34000
【纪录片】无聊-Boredom	https://www.bilibili.com/video/av26272377	33000
【纪录片】战争中的动物-Animals in the Great War	https://www.bilibili.com/video/av19960437	33000
骄奢父母-TOO POSH TO PARENT	https://www.bilibili.com/video/av23230039	33000
【纪录片】BBC NHU创新的60年11 世上最隐秘动物的生活	https://www.bilibili.com/video/av17027219	33000
【纪录片】BBC NHU创新的60年05：海底的秘密生活 水下间隔拍摄	https://www.bilibili.com/video/av16830923	33000
【纪录片/BBC】艺妓的秘密生活 THE SECRET LIFE OF GEISHA （2000）	https://www.bilibili.com/video/av11718028	33000
【纪录片/BBC】大陆起源-Rise Of The Continents (2013)	https://www.bilibili.com/video/av9769036	33000
奢侈的一小半 第一季-HOW THE OTHER HALF LIVES S01	https://www.bilibili.com/video/av21940880	32000
【纪录片】奢侈的生活 Luxury Life 2016 第一季	https://www.bilibili.com/video/av18361663	32000
【纪录片】我是李小龙-I Am Bruce Lee	https://www.bilibili.com/video/av18122420	32000
 【纪录片】BBC NHU创新的60年06 触发拍摄 BBC的老花招	https://www.bilibili.com/video/av16830928	32000
【纪录片】量子力学揭秘-The Secrets of Quantum Physics	https://www.bilibili.com/video/av16343224	32000
【纪录片】浮生一日 第一季 A Day in the Life of S1（2011）	https://www.bilibili.com/video/av14860661	32000
【纪录片/BBC】无节制消费的元凶 The Men Who Made Us Spend （2014）	https://www.bilibili.com/video/av11663590	32000
【纪录片】伟大工程巡礼之超级油轮-MEGASTRUCTURES: SUPERTANKER (SERIES 3 - GRANADA PRODUCTION)	https://www.bilibili.com/video/av23867143	31000
【纪录片】Luxe Asia-奢华亚洲 第一季	https://www.bilibili.com/video/av18241032	31000
【纪录片/BBC】黄金的真正价值 THE REAL PRICE OF GOLD （2011）	https://www.bilibili.com/video/av11718077	31000
【纪录片/BBC】古埃及的珍宝 TREASURES OF ANCIENT EGYPT （2014）	https://www.bilibili.com/video/av11663475	31000
【纪录片/BBC】地球的力量 EARTH - THE POWER OF THE PLANET （2007）	https://www.bilibili.com/video/av11298092	31000
【纪录片】生命循环：奇异的腐烂科学-After Life - The Science Of Deco	https://www.bilibili.com/video/av26751331	30000
【纪录片】BBC NHU创新的60年30：深海神秘处女地	https://www.bilibili.com/video/av17437728	30000
【纪录片/BBC】女王宫殿荟萃-THE QUEEN'S PALACES （2011）	https://www.bilibili.com/video/av9769472	29000
【纪录片】终极战争 ultimate battles	https://www.bilibili.com/video/av16795525	28000
【纪录片】默克尔：不可估量的前程-Angela merkel:the unexpected	https://www.bilibili.com/video/av16622883	28000
【纪录片/NHK】荒野之谜第一季-Wild Secrets I （2001）	https://www.bilibili.com/video/av10454442	28000
【纪录片/NHK】时间协奏曲 制表大师菊野正弘-In Tune with Time Watchmaker Masahiro Kikuno （2015）	https://www.bilibili.com/video/av10255155	28000
【纪录片】亚洲美食文化-Luck yChow	https://www.bilibili.com/video/av20140621	27000
神秘的日本-MYSTERIOUS JAPAN	https://www.bilibili.com/video/av21619169	27000
 【纪录片】BBC NHU创新的60年14 手持平衡架	https://www.bilibili.com/video/av17157156	27000
【纪录片】谋杀之地 Murder Maps S1&2	https://www.bilibili.com/video/av16623924	27000
【纪录片】大英铁路之旅 第七季 Great British Railway Journeys S07 （2015）	https://www.bilibili.com/video/av13904582	27000
【纪录片/BBC】邱瑞秋的巴黎小厨 LITTLE PARIS KITCHEN - COOKING WITH RACHEL KHOO （2012）	https://www.bilibili.com/video/av11640931	27000
【纪录片/BBC】林下生命 Life In The Undergrowth（2005）	https://www.bilibili.com/video/av10990505	27000
【纪录片/BBC】冰川期巨兽 Ice Age Giants (2013)	https://www.bilibili.com/video/av9813375	27000
【纪录片】黑暗事件：扭曲的真相-Dark Matters-Twisted but True【2011】	https://www.bilibili.com/video/av17126238	26000
【纪录片】BBC NHU创新的60年01：当创新遇到现实 飞行气球	https://www.bilibili.com/video/av16772193	26000
【纪录片/BBC】宇宙究竟有多小 How Small Is The Universe (2012)【地平线系列】	https://www.bilibili.com/video/av11755650	26000
【纪录片/BBC】自然世界:蜜獾――毁坏大师 NATURAL WORLD: BADGERS - SECRETS OF THE SETT （2008）	https://www.bilibili.com/video/av11119325	26000
【纪录片/BBC】狗的秘闻 SECRET LIFE OF DOGS （2013）	https://www.bilibili.com/video/av10810968	26000
【纪录片/BBC】全天候野生动物追踪 24/7 WILD（2012）	https://www.bilibili.com/video/av10787533	26000
【纪录片】试验场-Tagret Range	https://www.bilibili.com/video/av25373263	25000
【纪录片】俄罗斯渔民-Waterpeople	https://www.bilibili.com/video/av25381204	25000
【纪录片】恶魔岛：人间地狱-Alcatraz: Living Hell	https://www.bilibili.com/video/av25568922	25000
【纪录片】怪奇密探 Miracles Detectives（2010）	https://www.bilibili.com/video/av14833181	25000
【纪录片/BBC】我最后一个夏天 My Last Summer（2014）	https://www.bilibili.com/video/av11132673	25000
【纪录片/BBC】里克・斯坦远东美食游 RICK STEIN'S FAR EASTERN ODYSSEY （2009）	https://www.bilibili.com/video/av10966374	25000
【纪录片】鹰击长空-Angle of Attack	https://www.bilibili.com/video/av20140035	24000
【纪录片】涟漪效应-The Ripple Effect Season 1	https://www.bilibili.com/video/av24470670	24000
【纪录片】大灾难 Catastrophe 2015	https://www.bilibili.com/video/av18361793	24000
【纪录片】国家宝藏-National Treasures	https://www.bilibili.com/video/av18204061	24000
【纪录片】BBC NHU创新的60年09 鲨鱼其实很羞涩	https://www.bilibili.com/video/av17027193	24000
【纪录片】时间的奥秘简介-Ultimate Secrets Of Time （2014）	https://www.bilibili.com/video/av16077287	24000
【纪录片/BBC】青少年与同性恋 TEENAGE & GAY （2015）	https://www.bilibili.com/video/av11718072	24000
【纪录片/BBC】邱瑞秋的厨房笔记：伦敦 RACHEL KHOO'S KITCHEN NOTEBOOK: LONDON （2014）	https://www.bilibili.com/video/av11549594	24000
【纪录片/BBC】雪宝-一个小企鹅的故事 Snow Chick A Penguins Tale（2015）	https://www.bilibili.com/video/av11114093	24000
【纪录片/BBC】盛宴 Feasts（2009）	https://www.bilibili.com/video/av11016334	24000
【纪录片】睡眠科学-The Science of Sleep	https://www.bilibili.com/video/av18206147	23000
【纪录片】BBC NHU创新的60年26 深海里隐藏的秘密	https://www.bilibili.com/video/av17407245	23000
【纪录片】BBC NHU创新的60年21 沉浸式体验动物的3D世界	https://www.bilibili.com/video/av17407249	23000
【纪录片】BBC NHU创新的60年19 狨猴玩极限 高空走电线	https://www.bilibili.com/video/av17281835	23000
【纪录片/BBC】抓获历史上的罪犯：法医故事 （2016）	https://www.bilibili.com/video/av11320609	23000
【纪录片/BBC】地球上最热的地方 The Hottest Place On Earth（2009）	https://www.bilibili.com/video/av10788031	23000
【纪录片/BBC】进食、禁食与长寿 -EAT FAST AND LIVE LONGER （2012）【地平线系列】	https://www.bilibili.com/video/av9828821	23000
【纪录片/BBC】唐纳德・特朗普的高尔夫大战 DONALD TRUMP'S GOLF WARS （2010）	https://www.bilibili.com/video/av11297994	22000
【纪录片/BBC】英食品工厂:我们最喜爱的食物是如何制造的（2015）	https://www.bilibili.com/video/av11119292	22000
奢侈的一小半 第三季-HOW THE OTHER HALF LIVES S03	https://www.bilibili.com/video/av22640464	21000
2014年红牛国际街舞大赛-Red Bull BC One / 2014	https://www.bilibili.com/video/av21996798	21000
疯狂卫生间-Insane Bathrooms 1 Pilot	https://www.bilibili.com/video/av21940035	21000
"【纪录片】博斯，梦幻花园-Bosch, the Garden of Dreams"	https://www.bilibili.com/video/av17218636	21000
【纪录片/BBC】邱瑞秋的世界美食烹饪 RACHEL KHOO'S COSMOPOLITAN COOK （2015）	https://www.bilibili.com/video/av11635300	21000
【纪录片/BBC】超市秘密 Supermarket Secrets（2013）	https://www.bilibili.com/video/av9829296	21000
【纪录片/BBC】大数据时代-THE AGE OF BIG DATA （2013） 【地平线系列】	https://www.bilibili.com/video/av9829597	21000
【纪录片】改变我一生一角色2	https://www.bilibili.com/video/av26174373	20000
希特勒亡日-Day Hitler Died	https://www.bilibili.com/video/av21940249	20000
迪奥内幕-Inside Dior	https://www.bilibili.com/video/av21947336	20000
【纪录片】博物馆匠人-Museum Men	https://www.bilibili.com/video/av16317162	20000
【纪录片】追踪希特勒 Hunting Hitler（2015）	https://www.bilibili.com/video/av16071247	20000
【纪录片/BBC】纯种狗的悲哀-三年后持续报道-Pedigree Dogs Exposed-Three Years On （2012）	https://www.bilibili.com/video/av9669531	20000
【纪录片/BBC】心智斗争 BATTLE IN YOUR MIND （2014）【地平线系列】	https://www.bilibili.com/video/av9828911	20000
最后的公爵-LAST DUKES	https://www.bilibili.com/video/av22639217	19000
蒙娜丽莎的秘密（2013）	https://www.bilibili.com/video/av20143049	19000
【纪录片】路易威登：品牌背后的故事-Vuitton : Behind the Scenes	https://www.bilibili.com/video/av16622986	19000
【纪录片】BBC NHU创新的60年08 猎豹的秘密夜生活	https://www.bilibili.com/video/av16995207	19000
【纪录片】睡眠追踪 Chasing Sleep （2011）	https://www.bilibili.com/video/av14886967	19000
【纪录片】亚力克斯・波利齐 待聘大厨 Alex Polizzi：Chef for Hire （2015）	https://www.bilibili.com/video/av12531329	19000
【纪录片】城市秘密 Urban Secrets （2012）	https://www.bilibili.com/video/av12042156	19000
【纪录片/BBC】食物工厂:经超市加工的食物 FOOD FACTORY - SUPERSIZED（2012）	https://www.bilibili.com/video/av11016486	19000
【纪录片/BBC】锻炼的真相- The Truth About Exercise （2012）【地平线系列】	https://www.bilibili.com/video/av9650197	19000
【纪录片/BBC】宇宙的黎明：真正的创世时刻-COSMIC DAWN - THE REAL MOMENT OF CREATION（2015）【地平线系列】	https://www.bilibili.com/video/av9828928	19000
"【纪录片/NHK】筑地 深入世界上最大的鱼市场- Tsukiji, Inside the World's Largest Fish Market（2015）"	https://www.bilibili.com/video/av10596369	19000
【纪录片】密码破译员-Codebreaker	https://www.bilibili.com/video/av20011112	18000
【纪录片】轰炸达尔文：尴尬的真相-Bombing of Darwin-An Awkward Truth	https://www.bilibili.com/video/av19960273	18000
【纪录片】美国中心地 第七季	https://www.bilibili.com/video/av18637809	18000
长城秘史-GREAT WALL OF CHINA - THE HIDDEN STORY	https://www.bilibili.com/video/av22242870	18000
大胡子减肥记-HAIRY DIETERS - HOW TO LOVE FOOD AND LOSE W	https://www.bilibili.com/video/av22638917	18000
【纪录片】公平的代价 The Price of Fairness	https://www.bilibili.com/video/av17671686	18000
【纪录片/BBC】神秘旅行-细胞内部之旅 SECRET UNIVERSE - JOURNEY INSIDE THE CELL （2012）	https://www.bilibili.com/video/av11668862	18000
【纪录片/BBC】亚马逊深渊 Amazon Abyss（2005）	https://www.bilibili.com/video/av11114240	18000
【纪录片/BBC】中世纪国王秘史-The Private Lives Of Medieval Kings (2012)	https://www.bilibili.com/video/av9745534	18000
【纪录片/BBC】巨富与我们 The Super Rich And Us（2015）	https://www.bilibili.com/video/av10966256	18000
【纪录片/BBC】把我们变胖的人-The Men Who Made Us Fat （2012）	https://www.bilibili.com/video/av9769240	18000
【纪录片/BBC】德国艺术-The Art Of Germany （2010）	https://www.bilibili.com/video/av9745576	18000
【纪录片】欧洲最后的战王-Europe’s Last Warrior Kings	https://www.bilibili.com/video/av19324654	17000
【纪录片】天堂杀机-Murder in Paradise	https://www.bilibili.com/video/av18199896	17000
【纪录片】云中酒店-HOTEL IN THE CLOUDS	https://www.bilibili.com/video/av23868744	17000
超级卡车司机-SUPERTRUCKERS - S02	https://www.bilibili.com/video/av23230464	17000
【纪录片】欧洲铁路之旅 第三季 Great Continental Railway Journeys S03 （2014）	https://www.bilibili.com/video/av13904738	17000
【纪录片/BBC】走进自闭症 Living With Autism （2014）【地平线系列】	https://www.bilibili.com/video/av11747358	17000
【纪录片/BBC】谋杀倒计时 第一季 Countdown To Murder Series1（2013）	https://www.bilibili.com/video/av10990803	17000
【纪录片/BBC】何谓现实世界-What Is Reality （2011）【地平线系列】	https://www.bilibili.com/video/av9669434	17000
【纪录片】合理瘦身 第一季-HOW TO LOSE WEIGHT WELL (SERIES 1)	https://www.bilibili.com/video/av27821428	16000
【纪录片】传奇的亚瑟王-King Arthur - The Legend	https://www.bilibili.com/video/av19965272	16000
【纪录片】美是什么-What is beauty	https://www.bilibili.com/video/av18600951	16000
品尝我吧 最美甜点-EAT ME! THE MOST BEAUTIFUL CAKES	https://www.bilibili.com/video/av22505779	16000
酒店噩梦 第二季-HOTEL HELL S02	https://www.bilibili.com/video/av21940667	16000
【纪录片】亿万花市-The Billion Dollar Flower Market	https://www.bilibili.com/video/av18201297	16000
 【纪录片】BBC NHU创新的60年15 小生物 大故事	https://www.bilibili.com/video/av17198484	16000
【纪录片】伴随贝多芬起舞 Dancing Beethoven	https://www.bilibili.com/video/av17198504	16000
【纪录片】地球起源 珠穆朗玛峰 How the Earth Was Made - Everest	https://www.bilibili.com/video/av16077314	16000
【纪录片】肥宠年度减肥大赛 Fat Pets （2015）	https://www.bilibili.com/video/av12042079	16000
【纪录片】非凡狗狗 - Extraordinary dogs （2013）	https://www.bilibili.com/video/av11900488	16000
【纪录片/BBC】我们为何为人What Makes Us Human （2013）【地平线系列】	https://www.bilibili.com/video/av9828757	16000
【纪录片/BBC】谁在害怕大黑洞- Who's Afraid Of A Big Black Hole （2009）【地平线系列】	https://www.bilibili.com/video/av9669552	16000
世界园林游记-AROUND THE WORLD IN 80 GARDENS	https://www.bilibili.com/video/av22684998	15000
酒店噩梦 第三季-HOTEL HELL S03	https://www.bilibili.com/video/av21941063	15000
【纪录片】BBC NHU创新的60年22 围观大白鲨狩猎	https://www.bilibili.com/video/av17407244	15000
【纪录片】Special Forces - 特种部队	https://www.bilibili.com/video/av16801191	15000
【纪录片】至美人间 瓷之瑰宝- Beautiful Thing - A Passion for Porcelain（2014）	https://www.bilibili.com/video/av13497377	15000
【纪录片】狗狗奇妙物语 - the wonder of dogs （2014）	https://www.bilibili.com/video/av12122340	15000
【纪录片】亚力克斯・波利齐 探秘意大利第一季 Alex Polizzi's Secret Italy Series S1 （2014）	https://www.bilibili.com/video/av11821264	15000
【纪录片】尖峰火力-Firing Range（2012）	https://www.bilibili.com/video/av11132824	15000
【纪录片/NHK】荒野之谜第三季-Wild secrets III（2003）	https://www.bilibili.com/video/av10494718	15000
【纪录片/NHK】武士建筑师 安藤忠雄-Samurai Architect Tadao Ando（2015）	https://www.bilibili.com/video/av10321681	15000
【纪录片/BBC】史蒂夫・乔布斯-亿万富翁嬉皮士-Steve Jobs-Billion Dollar Hippy（2011）	https://www.bilibili.com/video/av9769424	15000
【纪录片/NHK】毕达哥拉斯装置 迷你特辑-Pythagora Switch mini（2015）	https://www.bilibili.com/video/av10276794	15000
【纪录片】英国上空-SKIES ABOVE BRITAIN	https://www.bilibili.com/video/av26008705	14000
【纪录片】迪拜二十四小时-24 Hour Race	https://www.bilibili.com/video/av24954371	14000
【纪录片】星球奥秘 第二季-PLANET SCIENCE S2	https://www.bilibili.com/video/av24916739	14000
【纪录片】婴儿的奇妙旅程	https://www.bilibili.com/video/av23786493	14000
非自然选择（2013）	https://www.bilibili.com/video/av20143709	14000
世界航空公司：空中奢华之战-AIRLINES WORLDWIDE: WAR OF LUXURY IN THE CLOUDS	https://www.bilibili.com/video/av21619392	14000
【纪录片】我的房子我来造 To Build or Not to Build	https://www.bilibili.com/video/av18164460	14000
现代奇迹之鞋履-Modern Marvels Shoes	https://www.bilibili.com/video/av17697663	14000
【纪录片】BBC NHU创新的60年25 上帝视角俯瞰地球	https://www.bilibili.com/video/av17407248	14000
【纪录片】BBC NHU创新的60年17 植物生长过程超慢速拍摄	https://www.bilibili.com/video/av17198482	14000
 【纪录片】BBC NHU创新的60年16 彩色私生活系列	https://www.bilibili.com/video/av17198483	14000
【纪录片】 塑造美国的战争 The War That Made America	https://www.bilibili.com/video/av16795595	14000
 【纪录片】BBC NHU创新的60年02：与狼共舞 直升机万向支架	https://www.bilibili.com/video/av16799937	14000
【纪录片】吉祥物热潮-yuru chara craze	https://www.bilibili.com/video/av14916996	14000
【纪录片/BBC】人类进化论-HORIZON : ARE WE STILL EVOLVING	https://www.bilibili.com/video/av13436232	14000
【纪录片】美味情缘 - When Patrick Met Kylie (2013)	https://www.bilibili.com/video/av11900423	14000
【纪录片】用无人机探索不为人知的英国 - Hidden Britain by Drone （2016）	https://www.bilibili.com/video/av11876834	14000
【纪录片】少女妈妈们的庇护所 House of Teen Mums （2016）	https://www.bilibili.com/video/av11821099	14000
【纪录片/BBC】驾车游俄罗斯 Russia On Four Wheels （2014）	https://www.bilibili.com/video/av11663494	14000
【纪录片/BBC】动物犯罪 Animal Crime Scene （2005）	https://www.bilibili.com/video/av11362521	14000
"【纪录片】超大建筑狂想曲-BIG, BIGGER, BIGGEST (SERIES 3)"	https://www.bilibili.com/video/av23890956	13000
【纪录片】奢华亚洲 第三季-Luxe Asia	https://www.bilibili.com/video/av18239867	13000
【纪录片】熊猫之境-LAND OF THE PANDA	https://www.bilibili.com/video/av23913224	13000
午睡的艺术-THE ART OF NAPPING	https://www.bilibili.com/video/av21619190	13000
【纪录片】现代奇迹之疯狂电力-Modern Marvels Mad Electricity	https://www.bilibili.com/video/av17667766	13000
【纪录片】BBC NHU创新的60年07 无形见有形 红外拍摄	https://www.bilibili.com/video/av16995210	13000
巴尔曼的设计王子 OlivierRousteing : the Young Prince of Balmain	https://www.bilibili.com/video/av16403558	13000
【纪录片】画说历史-Illustrating History	https://www.bilibili.com/video/av16077380	13000
【纪录片】杰米的美食逃离之旅 Jamie's Food Escapes（2009）	https://www.bilibili.com/video/av14886907	13000
【纪录片】旅行色拉 第一季 Travel Salad Season 1 	https://www.bilibili.com/video/av14244551	13000
【纪录片】前往目标-北海道物产展览会 Let's Go Hokkaido Food Festival（2016）	https://www.bilibili.com/video/av11724768	13000
【纪录片/BBC】世界：西蒙・利夫：咖啡的踪迹 THIS WORLD: THE COFFEE TRAIL WITH SIMON REEVE （2014）	https://www.bilibili.com/video/av11718013	13000
【纪录片/BBC】邱瑞秋的厨房笔记：墨尔本 RACHEL KHOO'S KITCHEN NOTEBOOK: MELBOURNE （2015）	https://www.bilibili.com/video/av11549634	13000
【纪录片/BBC】冰冷恐惧：俄罗斯的同性恋生活 Cold Fear-Gay Life In Russ （2014）	https://www.bilibili.com/video/av9828886	13000
【纪录片】欢迎来到世界各地-Welcome to（2013-2017）	https://www.bilibili.com/video/av11322857	13000
【纪录片/BBC】无敌舰队：不为人知的故事 Armada The Untold Story（2015）	https://www.bilibili.com/video/av11119122	13000
【纪录片/BBC】维京解密 The Vikings Uncovered（2015）	https://www.bilibili.com/video/av11114166	13000
【纪录片/BBC】蘑菇的魔力 Magic Of Mushrooms（2014）	https://www.bilibili.com/video/av10990511	13000
【纪录片/BBC】城堡：强化的英国历史 CASTLES - BRITAIN'S FORTIFIED HISTORY （2014）	https://www.bilibili.com/video/av9828798	13000
【纪录片/BBC】爱登堡：探索自然60年-Attenborough-60yrs in the wild （2012）	https://www.bilibili.com/video/av9669107	13000
【纪录片/BBC】里克・斯坦的西班牙美食之旅-Rick Stein's Spain (2011) 	https://www.bilibili.com/video/av9769408	13000
"【纪录片】银行：关于生活与债务-BANK, THE: A MATTER OF LIFE AND DEBT"	https://www.bilibili.com/video/av24559472	12000
【纪录片】鸡块的秘密	https://www.bilibili.com/video/av23786533	12000
【纪录片】查特沃茨-CHATSWORTH	https://www.bilibili.com/video/av23891534	12000
女王90岁-The Queen at 90	https://www.bilibili.com/video/av23195355	12000
简单易做中国菜-CHINESE FOOD MADE EASY	https://www.bilibili.com/video/av22639309	12000
【纪录片】奢侈的生活 Luxury Life 2016 第二季	https://www.bilibili.com/video/av18361911	12000
【纪录片】蒋介石流产的核计划	https://www.bilibili.com/video/av17059835	12000
【纪录片】BBC NHU创新的60年04：攻略冰川 遥控摄影机	https://www.bilibili.com/video/av16830932	12000
【纪录片】Keep it in the Royal Family.王室联姻	https://www.bilibili.com/video/av13497384	12000
【纪录片/BBC】驻颜奥秘 THE TRUTH ABOUT LOOKING YOUNGER （2012）【地平线系列】	https://www.bilibili.com/video/av11675014	12000
"【纪录片/NHK】野生动物 无与伦比的有袋动物 树袋熊-The Matchless Marsupial, Koala（2013）"	https://www.bilibili.com/video/av11640323	12000
"【纪录片/NHK】热带大草原上的生活 大型猫科动物-Life on the Savannah, Big Cats （2010）"	https://www.bilibili.com/video/av11635450	12000
【纪录片/BBC】千禧婴孩档案：2013 CHILD OF OUR TIME 2013 （2013）	https://www.bilibili.com/video/av11272599	12000
【纪录片/BBC】月球的力量-DO WE REALLY NEED THE MOON （2011）	https://www.bilibili.com/video/av9650250	12000
【纪录片/NHK】啮齿怪物 伊维拉湿地水豚-WILDLIFE - Rodent Monsters: The Capybaras of the Ibera Wet	https://www.bilibili.com/video/av10493051	12000
纳粹宝藏的秘密（2015）	https://www.bilibili.com/video/av20143682	11000
【纪录片】幕后故事-REAL STORY OF…	https://www.bilibili.com/video/av25584871	11000
【纪录片】食在逋-Girl Eat World	https://www.bilibili.com/video/av19329108	11000
【纪录片】撞击的科学-CRASH SCIENCE	https://www.bilibili.com/video/av24565660	11000
【纪录片】你的大脑-It’s in your Brain	https://www.bilibili.com/video/av24747497	11000
拳打脚踢中国功夫-KICK ASS KUNG FU	https://www.bilibili.com/video/av23248632	11000
【纪录片】金牌推销员-Pitchmen	https://www.bilibili.com/video/av18217763	11000
【纪录片】摇滚传奇第一季	https://www.bilibili.com/video/av18327387	11000
【纪录片】意大利梦 Dream of Italy 2014	https://www.bilibili.com/video/av18361971	11000
 【纪录片】BBC NHU创新的60年12 无翼飞翔 电缆移动摄影车	https://www.bilibili.com/video/av17027175	11000
【纪录片】希特勒的奥林匹克运动会 Hilter's Olympics	https://www.bilibili.com/video/av17046643	11000
【纪录片】走进白金汉宫 Inside Buckingham Palace	https://www.bilibili.com/video/av16801090	11000
【纪录片】BBC NHU创新的60年03：18月磨一剑 长时间隔拍摄	https://www.bilibili.com/video/av16828345	11000
BBC NHU创新的60年 预告	https://www.bilibili.com/video/av16750300	11000
【纪录片】返老还童-Taking Back The Years	https://www.bilibili.com/video/av16513618	11000
【纪录片】中国是否发现了世界 The year China discovered the world	https://www.bilibili.com/video/av14887006	11000
【纪录片】密码破译者-现实版模仿游戏Codebreaker - The Real Imitation Game	https://www.bilibili.com/video/av14887028	11000
【纪录片】马文的熊猫王国历险记-Panda Adventure with Nigel Marven （2009）	https://www.bilibili.com/video/av14833245	11000
【纪录片】欧洲铁路之旅 第二季 Great Continental Railway Journeys S02 （2012）	https://www.bilibili.com/video/av13904305	11000
【纪录片】大胡子骑手的鸡鸡与蛋蛋之旅 第一季 Hairy Bikers Chicken and Egg S01 （2016）	https://www.bilibili.com/video/av13904027	11000
【纪录片】恐龙大迁徙 March of the Dinosaurs （2010）	https://www.bilibili.com/video/av13903890	11000
【纪录片】欧洲铁路之旅 第五季 Great Continental Railway Journeys S05 （2016）	https://www.bilibili.com/video/av13497374	11000
【纪录片/BBC】同性恋的禁地 THE WORLD'S WORST PLACE TO BE GAY （2011）	https://www.bilibili.com/video/av11668882	11000
【纪录片/BBC】自然世界:狼之风暴 NATURAL WORLD: A WOLF CALLED STORM （2012）	https://www.bilibili.com/video/av11119401	11000
【纪录片/BBC】自然世界:蚂蚁帝国兴衰记 NATURAL WORLD: EMPIRE OF THE DESERT ANTS （2011）	https://www.bilibili.com/video/av11118996	11000
【纪录片】美食探险家-GOURMET EXPLORERS（2013）	https://www.bilibili.com/video/av11132829	11000
【纪录片】纹身 日本的图腾艺术- IREZUMI THE JAPANESE ART OF TATTOO （2011）	https://www.bilibili.com/video/av11110037	11000
【纪录片/BBC】寄宿学校：从男孩到男人 Boarding School Boys To Men（2013）	https://www.bilibili.com/video/av10811045	11000
【纪录片/NHK】时间大师 独立制表师-Master of Time Independent Watchmakers（2015）	https://www.bilibili.com/video/av10787306	11000
【纪录片/BBC】北极熊家庭和我-Polar Bear Family Me (2013)	https://www.bilibili.com/video/av9745550	11000
"【纪录片/NHK】行走的红地毯 圣诞岛红蟹-WL_A Walking Red Carpet, Christmas Island Red Crabs（2016）"	https://www.bilibili.com/video/av10596455	11000
【纪录片/BBC】英国私家庄园揭秘-The Country House Revealed (2011)	https://www.bilibili.com/video/av9747441	11000
【纪录片】伟大工程巡礼之超级管道和明日列车	https://www.bilibili.com/video/av19964059	10000
旅人 第一季-TRAVEL MAN - S01	https://www.bilibili.com/video/av23230023	10000
【纪录片】痘痘拯救	https://www.bilibili.com/video/av21335800	10000
【纪录片】南韩俯瞰 Korea from Above	https://www.bilibili.com/video/av16804590	10000
【纪录片】 被盗的莎士比亚 Stealing Shakespeares	https://www.bilibili.com/video/av16623496	10000
【纪录片】地球未来2050 第二季 Xploration Nation: Earth 2050 s2	https://www.bilibili.com/video/av15732192	10000
【纪录片/BBC】THE CORE 地心 （2011）【地平线系列】	https://www.bilibili.com/video/av11675081	10000
【纪录片/BBC】一度代表什么 What is One Degree （2011）【地平线系列】	https://www.bilibili.com/video/av11317668	10000
【纪录片/BBC】太空跳跃 Space Dive（2012）	https://www.bilibili.com/video/av11118987	10000
【纪录片/BBC】你看到我所见了吗 Do You See What I See？（2011）【地平线系列】	https://www.bilibili.com/video/av9650179	10000
【纪录片/BBC】人类的起源-Origins Of Us （2011）	https://www.bilibili.com/video/av9768999	10000
【纪录片】液态科学-Liquid Science S1	https://www.bilibili.com/video/av23259764	9992
【纪录片/BBC】地球上能创造恒星吗- Can We Make A Star On Earth（2009）【地平线系列】	https://www.bilibili.com/video/av9650167	9988
【纪录片/BBC】马达加斯加岛-Madagascar （2011）	https://www.bilibili.com/video/av9669478	9973
【纪录片】预知未来 Forecasting The End	https://www.bilibili.com/video/av17185156	9970
【纪录片】旅行色拉 第二季 Travel Salad_Season2	https://www.bilibili.com/video/av16723876	9940
【纪录片/BBC】珍宝解密（第1季） Treasures Decoded Series1（2013）	https://www.bilibili.com/video/av11114141	9903
【纪录片】俯瞰美国：美国制造-Aerial America: Made In The USA	https://www.bilibili.com/video/av25379646	9871
【纪录片】揭秘英国-BRITAIN'S SECRET	https://www.bilibili.com/video/av23930554	9868
【纪录片/BBC】我们孤单吗- Are We Alone In The Universe （2008）【地平线系列】	https://www.bilibili.com/video/av9650323	9861
【纪录片】十大改变美国之事 10 That Changed America 2013	https://www.bilibili.com/video/av18362126	9779
【纪录片】给我一个家-Give Me Shelter	https://www.bilibili.com/video/av18600908	9676
【纪录片/BBC】我喝多了吗 Do I Drink Too Much? （2009）【地平线系列】	https://www.bilibili.com/video/av9650149	9642
【纪录片】艺术百面-the art of	https://www.bilibili.com/video/av18122307	9604
【纪录片】卡尔・拉格斐-Karl Lagerfeld	https://www.bilibili.com/video/av20556041	9565
【纪录片】超级狗模大赛-TOP DOG MODEL	https://www.bilibili.com/video/av24568147	9559
【纪录片】萌宠成长记 节日特辑-TOO CUTE! HOLIDAY SPECIAL	https://www.bilibili.com/video/av23555324	9390
【纪录片】汤姆・戴利走遍全球 Tom Daley Goes Global （2013）	https://www.bilibili.com/video/av12042034	9282
【纪录片】蚂蚁国 大自然的秘密强邦-ANTS !（2004）	https://www.bilibili.com/video/av11132721	9274
【纪录片】从高空看天下 第6季-The World from Above Series 6	https://www.bilibili.com/video/av21612338	9144
"改造大对决 第一季-Buy it, Fix it, Sell it S1"	https://www.bilibili.com/video/av21940344	9093
【纪录片/BBC】自然世界：揭秘猫头鹰-NATURAL WORLD : OWLS C BEHIND THE MAGIC	https://www.bilibili.com/video/av13436113	9084
【纪录片】品茶大师-Masters of Tea （2013）	https://www.bilibili.com/video/av11132727	9014
【纪录片/BBC】地平线指南：认识狗狗 Dogs - A Horizon Guide（2012）	https://www.bilibili.com/video/av10990565	9002
【纪录片】1968 时代分水岭	https://www.bilibili.com/video/av16796242	8999
【纪录片】动物全接触 第7季	https://www.bilibili.com/video/av17165684	8972
【纪录片】白宫隐秘-The Hidden White House	https://www.bilibili.com/video/av17667763	8960
【纪录片】Last days of the Nazis - 纳粹的末日	https://www.bilibili.com/video/av16343122	8927
【纪录片】花枝招展-All Dolled Up	https://www.bilibili.com/video/av25558049	8891
【纪录片】糟糕的历史 第2季-HORRIBLE HISTORIES: SERIES 2	https://www.bilibili.com/video/av26793940	8834
【纪录片/BBC】火星任务-Mission To Mars （2012）【地平线系列】	https://www.bilibili.com/video/av9828643	8781
【纪录片/BBC】最后的边界：地平线之宇宙指南- THE FINAL FRONTIER? - A HORIZON GUIDE TO THE UNIVERSE 	https://www.bilibili.com/video/av9650272	8776
【纪录片】时尚激情第二季	https://www.bilibili.com/video/av18362628	8693
海斯顿的鱼类盛宴-HESTON'S FISHY FEAST	https://www.bilibili.com/video/av22639883	8683
【纪录片】狗狗密录 Dogs Their Secret Lives （2014）	https://www.bilibili.com/video/av13904166	8651
【纪录片】林肯的的最后一天-Lincolns Last Day	https://www.bilibili.com/video/av21589512	8610
【纪录片】荧幕明星 第一季 Stars Of The Silver Screen S1	https://www.bilibili.com/video/av16795751	8602
【纪录片】重访马可・波罗之路	https://www.bilibili.com/video/av21580926	8590
圣诞大乐高-A Big Lego Christmas	https://www.bilibili.com/video/av21939853	8582
【纪录片/BBC】恒河 Ganges（2007）	https://www.bilibili.com/video/av10811164	8541
巧克力黑金-CHOCOLATE IS THE NEW BLACK GOLD	https://www.bilibili.com/video/av21619422	8505
【纪录片】美国铁路之旅 第一季 Great American Railroad Journeys S01 （2015）	https://www.bilibili.com/video/av13903864	8496
【纪录片/BBC】地平线系列之我们为什么说话-Horizon Why Do We Talk （2009）	https://www.bilibili.com/video/av9669488	8417
【纪录片/BBC】人类的善与恶 ARE YOU GOOD OR EVIL? （2011）【地平线系列】	https://www.bilibili.com/video/av11317673	8412
"美国最疯狂的彩票-USA, CRAZINESS LOTTERY"	https://www.bilibili.com/video/av21619481	8367
【纪录片】超级城市：纽约-Super City: New York	https://www.bilibili.com/video/av28783677	8339
【纪录片/NHK】街头邂逅- Somewhere Street（2009）	https://www.bilibili.com/video/av10556227	8338
【纪录片】从高空看天下 第五季	https://www.bilibili.com/video/av18010766	8289
【纪录片/BBC】解剖之美-The Beauty Of Anatomy (2014)	https://www.bilibili.com/video/av9747476	8281
【纪录片/BBC】战争时期的-BBC AT WAR（2015）	https://www.bilibili.com/video/av11118932	8269
【纪录片/BBC】末日 End Day（2005）	https://www.bilibili.com/video/av10990808	8252
【纪录片】英国浴池热潮-HOT TUB BRITAIN	https://www.bilibili.com/video/av23865985	8244
【纪录片】建筑学校	https://www.bilibili.com/video/av17165434	8134
自然中的天才（2012）	https://www.bilibili.com/video/av20143381	8114
【纪录片/BBC】拜占庭 三城记 BYZANTIUM - A TALE OF THREE CITIES （2013）	https://www.bilibili.com/video/av11272562	8113
【纪录片/BBC】设计 CLICK （2015）	https://www.bilibili.com/video/av11288776	8056
【纪录片/BBC】非凡旅程地球公转与自转 ORBIT - EARTH'S EXTRAORDINARY JOURNEY （2012）	https://www.bilibili.com/video/av10811238	8024
【纪录片】屋内聪明人-Smartest guy in the room	https://www.bilibili.com/video/av18333062	8019
【纪录片】英国人的消费秘密-BRITAIN'S SPENDING SECRETS	https://www.bilibili.com/video/av23858925	8010
【纪录片】逃出生天 - Escape or Die【2015】	https://www.bilibili.com/video/av17193891	7990
【纪录片】维多利亚女王的信件-Queen Victoria's Letters A Monarch 	https://www.bilibili.com/video/av16343304	7962
【纪录片】现代奇迹之臭味-Modern Marvels Stink	https://www.bilibili.com/video/av17807731	7932
【纪录片】海中细语-Blue Whisper	https://www.bilibili.com/video/av20703795	7919
【纪录片/BBC】时间的真相- DO YOU KNOW WHAT TIME IT IS? （2008）【地平线系列】	https://www.bilibili.com/video/av9650302	7917
【纪录片】现代奇迹之狗-Modern Marvels Dogs	https://www.bilibili.com/video/av18692634	7864
【纪录片/BBC】星光的七个时期-Seven Ages of Starlight （2012）	https://www.bilibili.com/video/av9769268	7856
【纪录片/BBC】强迫症：心魔 -OBSESSIVE COMPULSIVE DISORDER （2015）【地平线系列】	https://www.bilibili.com/video/av9828808	7850
【纪录片】米饭大师-Maters of Rice（2016）	https://www.bilibili.com/video/av11110061	7841
【纪录片/BBC】马航370之谜 WHERE IS FLIGHT MH370? （2014）【地平线系列】	https://www.bilibili.com/video/av9828922	7806
【纪录片】BBC NHU创新的60年23 捕捉黑夜中的秘密	https://www.bilibili.com/video/av17407250	7786
【纪录片】浮生一日 第二季 A Day in the Life of S2（2012）	https://www.bilibili.com/video/av14860580	7769
【纪录片】诱拐-ABDUCTED	https://www.bilibili.com/video/av23874103	7724
【纪录片】美国铁路之旅 第二季 Great American Railroad Journeys S02 （2016）	https://www.bilibili.com/video/av13942785	7720
【纪录片】非洲孤狼-Megeti	https://www.bilibili.com/video/av20691173	7618
【纪录片】环球中国小姐 - Made in China（2015）	https://www.bilibili.com/video/av11533968	7608
【纪录片】巨型污染 Supersize Grime 2015	https://www.bilibili.com/video/av18480599	7595
赫斯顿的盛宴-HESTON'S FEAST S01	https://www.bilibili.com/video/av22639829	7578
【纪录片】隐秘世界 Hidden Worlds	https://www.bilibili.com/video/av23256887	7526
【纪录片】节衣缩食 第一季-Downsized (Series 1)	https://www.bilibili.com/video/av25637113	7495
无价之鱼（2012）	https://www.bilibili.com/video/av20143580	7493
动物之家 天生的工程师（2015）	https://www.bilibili.com/video/av20143280	7491
【纪录片】达美乐的披萨人生-Domino's Pizza: A Slice of Life	https://www.bilibili.com/video/av16513495	7452
【纪录片】多角度战争	https://www.bilibili.com/video/av17165828	7403
【纪录片】不可思议的飞行喷气背包-Incredible Flying Jet Packs	https://www.bilibili.com/video/av20437025	7395
【纪录片/BBC】巨型动物 Supergiant Animals （2013）	https://www.bilibili.com/video/av11362443	7377
【纪录片】有序与无序	https://www.bilibili.com/video/av17995834	7356
【纪录片】911犯罪现场调查员-9/11 CRIME SCENE INVESTIGATORS	https://www.bilibili.com/video/av23908401	7354
【纪录片】人类地域系统-Human Terrain	https://www.bilibili.com/video/av17990862	7308
【纪录片】德班战争二：以色列巴勒斯坦&联合国	https://www.bilibili.com/video/av17414799	7289
"【纪录片/NHK】 野生生物，走出寒冷，进入火焰，黄石超级火山- WL_Out of the Cold, Into the Fire, Yellowstone"	https://www.bilibili.com/video/av10645890	7270
【纪录片】食物争夺者 Food Fighters	https://www.bilibili.com/video/av17185313	7240
【纪录片】Illusions of Grandeur-极致魔术	https://www.bilibili.com/video/av17437808	7223
【纪录片/BBC】谋杀倒计时 第二季 Countdown To Murder Series2（2014）	https://www.bilibili.com/video/av10990766	7213
【纪录片】南极故事	https://www.bilibili.com/video/av21581050	7204
【纪录片】地平线：电子香烟是奇迹还是威胁？-Horizon: E-Cigarettes Miracl	https://www.bilibili.com/video/av26766987	7203
【纪录片】生存 Get to work	https://www.bilibili.com/video/av17185214	7160
【纪录片-NHK】岛耕作的亚洲企业家访谈 Shima Kosaku's Asian Entrepreneurs （2013）	https://www.bilibili.com/video/av10834997	7157
【纪录片】BBC NHU创新的60年27 带你体验真实的探险	https://www.bilibili.com/video/av17407251	7124
"美味佳肴-F WORD, THE - BEST OF"	https://www.bilibili.com/video/av21940897	7116
【纪录片/BBC】自然世界:拯救大熊猫 Natural World Saving The Panda （2010）	https://www.bilibili.com/video/av11114001	7072
【纪录片/BBC】大胡子骑士之英国最美味 HAIRY BIKER BEST OF BRTISH （2011）	https://www.bilibili.com/video/av11317646	6983
"【纪录片/BBC】人格真相 DON'T WORRY, BE HAPPY （2013）【地平线系列】"	https://www.bilibili.com/video/av9828749	6973
【纪录片】脸书迨-Facebook Follies	https://www.bilibili.com/video/av19315907	6963
【纪录片/NHK】深海水域 太平洋上的失落世界- Deep Ocean: The Lost World of the Pacific （2015）	https://www.bilibili.com/video/av10791861	6959
【纪录片】那些成就了我们的汽车 The Cars That Made Us	https://www.bilibili.com/video/av13743492	6939
【纪录片】豪华巨轮-EXTREME CRUISE SHIP	https://www.bilibili.com/video/av23834355	6904
【纪录片】异形昆虫-ALIEN INSECT-PRAYING MANTIS （2001）	https://www.bilibili.com/video/av11110051	6902
【纪录片】匠人：与元素相伴的生活-Masters of the Elements S1	https://www.bilibili.com/video/av23433603	6896
【纪录片】兰根堡之旅-Wo Grafen schlafen	https://www.bilibili.com/video/av23288216	6896
【纪录片/BBC】动物爱情故事 NATURAL WORLD: ANIMAL ATTRACTION （2013）	https://www.bilibili.com/video/av11718060	6880
【纪录片】软体动物的神秘世界-The Secret world of mollusks（2013）	https://www.bilibili.com/video/av11298134	6848
【纪录片/BBC】寻找自我意识-Finding My Mind （2009） 【地平线系列】	https://www.bilibili.com/video/av9650221	6844
【纪录片】戛纳电影节	https://www.bilibili.com/video/av18129506	6827
【纪录片】翼装飞行编年史-Birdmen Chronicles	https://www.bilibili.com/video/av20007867	6820
【纪录片】作弊的真相-The Truth About Cheating	https://www.bilibili.com/video/av16513629	6802
【纪录片】俯瞰非洲-Aerial Africa	https://www.bilibili.com/video/av26299294	6800
【纪录片】e2建筑设计 e? design S1	https://www.bilibili.com/video/av15732214	6797
【纪录片/BBC】福尔摩斯如何改变世界 How Sherlock Changed The World （2013）	https://www.bilibili.com/video/av10809613	6734
【纪录片/BBC】烹饪造就人类-DID COOKING MAKE US HUMAN? （2010）【地平线系列】	https://www.bilibili.com/video/av9828901	6690
【纪录片】万物与无物-Everything and Nothing	https://www.bilibili.com/video/av16513661	6675
【纪录片】萌宠使命-Collar Of Duty	https://www.bilibili.com/video/av25600586	6620
【纪录片】奇境秘闻-Ph?nomania	https://www.bilibili.com/video/av23597224	6620
【纪录片/BBC】飞禽传 The Life Of Birds（1998）	https://www.bilibili.com/video/av11532869	6599
【纪录片】偶像的诞生 Kate!The Making of an Icon	https://www.bilibili.com/video/av16801715	6590
【纪录片/BBC】吃昆虫能拯救世界吗-CAN EATING INSECTS SAVE THE WORLD? （2013）	https://www.bilibili.com/video/av9829610	6552
【纪录片】最后的养蜂人 The Last Bee Keeper	https://www.bilibili.com/video/av16795094	6522
食为天 第五季-The F World S5	https://www.bilibili.com/video/av22639741	6517
【纪录片】上帝的细胞-The God Cells	https://www.bilibili.com/video/av19173325	6498
【纪录片】披头士与滚石-Beatles vs Stones（2015）	https://www.bilibili.com/video/av14833133	6485
【纪录片/BBC】海洋之死- Death Of The Oceans （2010）【地平线系列】	https://www.bilibili.com/video/av9650311	6460
【纪录片】90分钟环游世界-AROUND THE WORLD IN 90 MINUTES	https://www.bilibili.com/video/av23833693	6458
巨型机械-ENGINEERING GIANTS	https://www.bilibili.com/video/av22639066	6451
【纪录片】泡泡中的科学-The Science of Bubbles	https://www.bilibili.com/video/av17929666	6444
【纪录片】追踪北极海-Arctic	https://www.bilibili.com/video/av24445326	6432
【纪录片/BBC】为什么数学说不通- Why Maths Doesn't Add Up （2009）【地平线系列】	https://www.bilibili.com/video/av9669442	6427
【纪录片】蒂姆・费里斯实验-The Tim Ferriss Experiment	https://www.bilibili.com/video/av16343275	6324
【纪录片/BBC】千禧婴孩档案：2008- CHILD OF OUR TIME 2008（2008）	https://www.bilibili.com/video/av10990556	6316
【纪录片】 时代之声 Voice Of A Generation	https://www.bilibili.com/video/av16795491	6297
【纪录片】 直面脂肪 Facing the Fat	https://www.bilibili.com/video/av17992673	6287
【纪录片/BBC】珍宝解密（第2季）Treasures Decoded Series（2014）	https://www.bilibili.com/video/av11119196	6278
【纪录片】法国葡萄酒大师- FRENCH MASTERS OF WINE（2016）	https://www.bilibili.com/video/av11322967	6259
【纪录片/BBC】什么创造了天才- What Makes A Genius （2010）【地平线系列】	https://www.bilibili.com/video/av9669411	6178
【纪录片】分分钟做好美味中餐-CHINESE FOOD IN MINUTES	https://www.bilibili.com/video/av24526322	6153
【纪录片/灾难】严重无视 Niewidzialna katastrofa	https://www.bilibili.com/video/av17407235	6132
【纪录片】欧洲铁路之旅 第四季 Great Continental Railway Journeys S04 （2015）	https://www.bilibili.com/video/av13903553	6128
【纪录片/BBC】马克・扎克伯格：揭秘脸谱网 MARK ZUCKERBERG - INSIDE FACEBOOK （2011）	https://www.bilibili.com/video/av10990569	6123
【纪录片/BBC】冰冻星球：如履薄冰 Frozen Planet C On Thin Ice （2016）	https://www.bilibili.com/video/av11317656	6099
【纪录片/BBC】西蒙・里夫的爱尔兰之旅 Ireland With Simon Reeve（2015）	https://www.bilibili.com/video/av11113993	6077
极光-天空之焰（2012）	https://www.bilibili.com/video/av20143624	6072
【纪录片/NHK】忍者乱太郎的宇宙大冒险-NINJABOYS: Quest for the Cosmic Front 1 （2016）	https://www.bilibili.com/video/av10128674	6065
【纪录片】核冷聚变的真相 Cold Fusion ：The Truth？	https://www.bilibili.com/video/av14887042	6056
地球觉醒之旅 第一季-1000 Days For The Planet S1	https://www.bilibili.com/video/av21939832	6045
巴黎禁区-FORBIDDEN PARIS: MEGASTRUCTURES OF THE SHADOW	https://www.bilibili.com/video/av21619238	6044
【纪录片】】诡异 Quirky	https://www.bilibili.com/video/av17416232	6038
【纪录片/NHK】泛亚公路第一季-The Great Asian Highway Ⅰ（2015）	https://www.bilibili.com/video/av10834989	6004
我要当老板・加拿大-BE THE BOSS (CANADA) - S01	https://www.bilibili.com/video/av23249214	5993
【纪录片/NHK】自然奇境第一季-Nature Wonder Land I（2006）	https://www.bilibili.com/video/av10549646	5993
【纪录片/BBC】弗兰肯斯坦和吸血鬼 月黑风高夜 FRANKENSTEIN & THE VAMPYRE - A DARK & STORMY NIGHT 	https://www.bilibili.com/video/av11298124	5986
【纪录片/BBC】小行星面面观- Asteroids The Good The Bad And The Ugly （2010）【地平线系列】	https://www.bilibili.com/video/av9650346	5986
【纪录片】亚力克斯・波利齐 探秘意大利第二季 Alex Polizzi's Secret Italy Series S2 （2015）	https://www.bilibili.com/video/av11821213	5982
【纪录片】美国中心地 第二季	https://www.bilibili.com/video/av17444918	5955
【纪录片/NHK】荒野之谜第二季-Wild Secrets Ⅱ（2002）	https://www.bilibili.com/video/av10558788	5886
【纪录片】跟随肖恩?宾回顾滑铁卢战役-Sean Bean On Waterloo	https://www.bilibili.com/video/av16801114	5838
"【纪录片】日本的传统祭典in北海道 Japanese Traditional ""Matsuri"" （2011-2016）"	https://www.bilibili.com/video/av11749468	5778
【纪录片/BBC】击败黑客- Defeating The Hackers （2013） 【地平线系列】	https://www.bilibili.com/video/av9650210	5738
巴黎时装周之：Alexis Mabille Haute Couture in Paris : a Week with Alexis Mabille	https://www.bilibili.com/video/av16403580	5699
【纪录片】摇滚传奇第二季	https://www.bilibili.com/video/av18327771	5671
【纪录片】电影的魅力 第一季 Movie Talk S1	https://www.bilibili.com/video/av17185046	5667
 【纪录片】BBC NHU创新的60年18 听，蝴蝶飞的声音	https://www.bilibili.com/video/av17281836	5654
白鲸行动-MOBYDICK : THE OPERATION	https://www.bilibili.com/video/av21619206	5641
【纪录片】巧克力瘦身法	https://www.bilibili.com/video/av21580776	5640
旅人 第二季-TRAVEL MAN - S02	https://www.bilibili.com/video/av23230289	5608
【纪录片/NHK】出发吧 向着寒武纪-Pikaia（2015）	https://www.bilibili.com/video/av10663307	5602
【纪录片/BBC】地球创世纪 HOW EARTH MADE US （2010）	https://www.bilibili.com/video/av11663731	5595
【纪录片/BBC】特里和梅森的美食之旅 TERRY & MASON'S GREAT FOOD TRIP （2015）	https://www.bilibili.com/video/av11522734	5591
【纪录片】追踪人性之恶-On the Trail of Evil	https://www.bilibili.com/video/av20699867	5590
【纪录片/NHK】街头邂逅- Somewhere Street（2009）	https://www.bilibili.com/video/av10764522	5527
【纪录片/BBC】真实的故事 第3季-True Stories Series3 (2010)	https://www.bilibili.com/video/av9769076	5524
【纪录片】食味星球-Planet of Tastes	https://www.bilibili.com/video/av25283355	5515
【纪录片/BBC】长生不老：地平线年龄指南-IMMORTAL? A HORIZON GUIDE TO AGEING （2012） 【地平线系列】	https://www.bilibili.com/video/av9650238	5495
【纪录片】星球奥秘 第一季-PLANET SCIENCE S1	https://www.bilibili.com/video/av24913232	5465
【纪录片/BBC】里克・斯坦和日本大使 RICK STEIN AND THE JAPANESE AMBASSADOR （2006）	https://www.bilibili.com/video/av11668826	5449
【纪录片/BBC】建造汽车 Building Cars（2015）	https://www.bilibili.com/video/av10966295	5423
【纪录片-NHK】良工巨匠：超越惧意 成就希望 小儿科医生-The Professionals-Beyond Fear Lies Hope【2014】	https://www.bilibili.com/video/av10665055	5414
【纪录片】BBC NHU创新的60年28 用鸟的视角看世界	https://www.bilibili.com/video/av17407239	5403
【纪录片/NHK】荒野之谜第四季-Wild Secret Ⅳ（2004）	https://www.bilibili.com/video/av10549006	5372
【纪录片】大规模杀伤武器-Weapons Of Mass Disruption	https://www.bilibili.com/video/av24958783	5341
【纪录片/BBC】非凡动物 第一季 EXTRAORDINARY ANIMALS: SERIES 1 （2008）	https://www.bilibili.com/video/av10811007	5317
【纪录片/BBC】人在火星：红色星球任务 MAN ON MARS - MISSION TO THE RED PLANET （2014）【地平线系列】	https://www.bilibili.com/video/av11696765	5309
筑地鱼市-Tsukiji Fish Market	https://www.bilibili.com/video/av28209578	5304
【纪录片】禁止生育的女性-Trial of a Child Denied	https://www.bilibili.com/video/av18099193	5283
【纪录片】摇滚传奇第三季	https://www.bilibili.com/video/av18327576	5255
【纪录片/BBC】荒野之旅 A Year In The Wild（2012）	https://www.bilibili.com/video/av10810990	5236
【纪录片】电影明星第一季 Movie Stars S1	https://www.bilibili.com/video/av17419014	5225
【纪录片】东北虎-Amur Tiger	https://www.bilibili.com/video/av24741818	5224
【纪录片】再述历史-History Retold	https://www.bilibili.com/video/av19326432	5151
【纪录片】物质之谜-The Mystery of Matter	https://www.bilibili.com/video/av16801497	5072
【纪录片】节衣缩食 第二季-Downsized (Series 2)	https://www.bilibili.com/video/av20425088	5064
【纪录片】剖析死亡之谜 第五季-AUTOPSY: THE LAST HOURS OF... (SERIES 5)	https://www.bilibili.com/video/av23886597	5031
【纪录片】地球千年 Earth in 1000 Years	https://www.bilibili.com/video/av16801690	5018
【纪录片】蜡像馆奇妙夜-Night at the Wax Museum	https://www.bilibili.com/video/av16622829	4947
【纪录片/BBC】过敏：现代生活与我 ALLERGIES - MODERN LIFE AND ME （2014） 【地平线系列】	https://www.bilibili.com/video/av11317684	4938
【纪录片】流行档案第一季	https://www.bilibili.com/video/av18327928	4927
我们的盖伊在印度-OUR GUY IN INDIA	https://www.bilibili.com/video/av21941175	4918
【纪录片】摇滚传奇第六季	https://www.bilibili.com/video/av18362258	4888
【人文】大英铁路之旅 第六季 Great British Railway Journeys S6（2014）	https://www.bilibili.com/video/av14806752	4884
【纪录片】极限科学-Extreme Science	https://www.bilibili.com/video/av19321361	4872
【纪录片】千禧一代 我的人生-My Millennial Life	https://www.bilibili.com/video/av18601013	4868
【纪录片】BBC NHU创新的60年29：鲨鱼的诱饵	https://www.bilibili.com/video/av17415030	4858
【纪录片】必看！必吃！必玩！-Must Eat! Must See! Must Do! - Singapore	https://www.bilibili.com/video/av20016864	4852
【纪录片】追逐皇室-Chasing the Royals: The Media And The Monarchy	https://www.bilibili.com/video/av26283801	4801
蜂鸟-珍贵的使者（2012）	https://www.bilibili.com/video/av20143649	4796
【纪录片】甲壳纲动物的秘密世界-The Secret world of crustaceans（2012）	https://www.bilibili.com/video/av11298146	4788
【纪录片】现代奇迹之铝-Modern Marvels Aluminum	https://www.bilibili.com/video/av17667776	4786
【纪录片】剖析死亡之谜 第三季-AUTOPSY: THE LAST HOURS OF... (SERIES 3)	https://www.bilibili.com/video/av23879861	4759
【纪录片】地球起源:地球的诞生-How The Earth Was Made：birth of the earth	https://www.bilibili.com/video/av16071470	4758
【纪录片/BBC】我们为什么会做梦- Why Do We Dream （2009）【地平线系列】	https://www.bilibili.com/video/av9669422	4741
【纪录片】Suicide and Me-自杀和我	https://www.bilibili.com/video/av16801735	4721
【纪录片】亚力克斯・波利齐 探秘西班牙 Alex Polizzi's Secret Spain （2016）	https://www.bilibili.com/video/av12067442	4705
马克龙是谁 Who is Emmanuel Macron	https://www.bilibili.com/video/av16399076	4690
【纪录片】来自天空的秘密-SECRETS FROM THE SKY	https://www.bilibili.com/video/av25562189	4677
【纪录片】世界末日的两度-2 Degrees till the end	https://www.bilibili.com/video/av24444652	4661
【纪录片】哈勃的时代 The Age of Hubble	https://www.bilibili.com/video/av14887022	4641
【纪录片】危险犬只-Dangerous Dogs	https://www.bilibili.com/video/av16513461	4631
【纪录片】厄瓜多尔：受伤的丛林-Ecuador: The Poisoned Forest	https://www.bilibili.com/video/av18156431	4624
旅人 第三季-TRAVEL MAN - S03	https://www.bilibili.com/video/av23230118	4575
【纪录片】伊丽莎白女王九十岁生日庆典-THE QUEEN'S 90TH BIRTHDAY CELEB	https://www.bilibili.com/video/av23882747	4548
【纪录片】食物大变革-The Great Food Revolution（2009）	https://www.bilibili.com/video/av11138778	4539
【纪录片/BBC】疼痛的秘密 THE SECRET WORLD OF PAIN （2011）【地平线系列】	https://www.bilibili.com/video/av9828771	4530
【纪录片】钢铁工人 Iron Men	https://www.bilibili.com/video/av17047315	4508
【纪录片】巨魔崛起-Rise of the Trolls	https://www.bilibili.com/video/av18135690	4489
【纪录片】摇滚传奇第四季	https://www.bilibili.com/video/av18327649	4483
【纪录片/BBC】罗马隐藏的城市 Rome's Invisible City（2015）	https://www.bilibili.com/video/av10990820	4470
【纪录片】美国中心地 第一季	https://www.bilibili.com/video/av16796147	4463
【纪录片/BBC】科学的历史 History Of Science（2010）	https://www.bilibili.com/video/av10966213	4455
【纪录片/BBC】世界上第一台计算机 World’s First Computer （2012）	https://www.bilibili.com/video/av11729676	4449
【纪录片/BBC】记忆的奥秘- How Does Your Memory Work（2008）【地平线系列】	https://www.bilibili.com/video/av9650364	4433
【纪录片】美国中心地 第五季	https://www.bilibili.com/video/av18479247	4432
【纪录片/BBC】总统科学指南 THE PRESIDENT'S GUIDE TO SCIENCE （2008）【地平线系列】	https://www.bilibili.com/video/av11674961	4430
【纪录片/BBC】病毒为何致命-Why Do Viruses Kill （2010）【地平线系列】	https://www.bilibili.com/video/av9669608	4423
【纪录片/NHK】良工巨匠：推翻先入之见-建筑工程师-The Professionals-Demolishing Preconceptions-Construc	https://www.bilibili.com/video/av10764559	4385
【纪录片】 龙卷风走廊2 Tornado Alley2	https://www.bilibili.com/video/av16623275	4319
【纪录片】现代奇迹之水-Modern Marvels Water	https://www.bilibili.com/video/av17614406	4310
【纪录片-NHK】良工巨匠：钓竿线上的新尝试-鲣鱼捕手-The Professionals-Blazing a New Trail in Pole-and-li	https://www.bilibili.com/video/av10644179	4298
【纪录片】火车大劫案-THE GREAT TRAIN ROBBERY	https://www.bilibili.com/video/av23860222	4275
【纪录片/BBC】单向乐队：我们在哪儿 圣西罗球场现场演出-One Direction The Road to San Siro （2015）	https://www.bilibili.com/video/av9669364	4265
新奥尔良侦探社-Detectives Club New Orleans	https://www.bilibili.com/video/av21940018	4254
【纪录片】欢沁之物-PLEASURES （2007）	https://www.bilibili.com/video/av11132697	4238
【纪录片/BBC】地球能容纳多少人- How Many People Can Live On Planet Earth（2009）【地平线系列】	https://www.bilibili.com/video/av9650291	4236
【纪录片】动物密语 Talk to the Animals（2013）	https://www.bilibili.com/video/av13704274	4229
【纪录片】 沉默策略-The Strategy of Silence	https://www.bilibili.com/video/av18433930	4224
【纪录片】巨蟒入侵：与奈杰尔・马文一起探寻佛罗里达 （2009）	https://www.bilibili.com/video/av15706648	4206
【纪录片-NHK】良工巨匠：将记忆织入布匹-隐形修补工-The Professionals-Weaving Memories in Clothing-Invis	https://www.bilibili.com/video/av10663459	4184
【纪录片】美国中心地 第三季	https://www.bilibili.com/video/av17465783	4123
【纪录片】趣味科学-The Funny Side of Science（2012）	https://www.bilibili.com/video/av11138798	4120
【纪录片】折扣风潮 Bargain Fever （2015）	https://www.bilibili.com/video/av12571927	4109
【纪录片】红牛飞行日大赛-Red Bull Flugtag Series Season 1	https://www.bilibili.com/video/av22510208	4097
【纪录片】信息过载的真相-Truth about information overload	https://www.bilibili.com/video/av16343321	4097
【纪录片/NHK】街头邂逅：圣多明哥- Somewhere Street_Santo Domingo（2009）	https://www.bilibili.com/video/av10643270	4091
【纪录片】出租游亚洲-Taxi to Asia（2011-2012）	https://www.bilibili.com/video/av11132863	4080
【纪录片】地球起源-撒哈拉 How The Earth Was Made-Sahara （2009）	https://www.bilibili.com/video/av16071463	4039
【纪录片/BBC】树懒-Meet The Sloths （2011）	https://www.bilibili.com/video/av9669591	4029
【纪录片】电影明星2 Movie Stars2	https://www.bilibili.com/video/av17416430	4026
【纪录片】美国制造-Made In The USA	https://www.bilibili.com/video/av18959022	4015
【纪录片/BBC】玩命全接触 第二季 WILD THINGS WITH DOMINIC MONAGHAN SERIES 2 （2014）	https://www.bilibili.com/video/av11114083	4005
【纪录片/BBC】战胜超级细菌DEFEATING THE SUPERBUGS （2012）【地平线系列】	https://www.bilibili.com/video/av11453300	4000
英国酒店-HOTEL GB	https://www.bilibili.com/video/av22638804	3999
【纪录片】世界集市-World Market	https://www.bilibili.com/video/av25397103	3978
【纪录片】大风-Big Wind	https://www.bilibili.com/video/av20010352	3961
【纪录片】走进克拉里奇酒店- INSIDE CLARIDGES	https://www.bilibili.com/video/av24563116	3956
大使 第一季-THE EMBASSY- S01-1	https://www.bilibili.com/video/av22639408	3951
【纪录片】骇客星球 Hacking the Planet	https://www.bilibili.com/video/av17465203	3920
【纪录片】烹饪英豪-Food Heroes	https://www.bilibili.com/video/av28119795	3915
【纪录片/BBC】英国最大的小学 Britain's Biggest Primary School（2015）	https://www.bilibili.com/video/av11118304	3901
【纪录片/BBC】明日世界-Tomorrow's World （2013）【地平线系列】	https://www.bilibili.com/video/av9669361	3836
【纪录片】国家调查报探案-National Enquirer Investigates（2015）	https://www.bilibili.com/video/av13197446	3827
【纪录片】车库梦 Garage Dream 2016	https://www.bilibili.com/video/av18361582	3814
【纪录片】致命马路 Killer Roads	https://www.bilibili.com/video/av17047157	3790
【纪录片/NHK】良工巨匠：清洁工匠-The Professionals-Cleaning Craftspeople（2014）	https://www.bilibili.com/video/av10764610	3772
【纪录片】机械奇迹：发条装置之梦-Mechanical Marvels: Clockwork Dreams	https://www.bilibili.com/video/av17930327	3743
【纪录片】永恒之美：古董车的梦幻世界-Eternal Beauty - The Dream World of Vintage Cars	https://www.bilibili.com/video/av24464716	3739
【纪录片/BBC】天网恢恢 第一季 First Kill Last Kill Series1（2015）	https://www.bilibili.com/video/av11132641	3731
【纪录片/NHK】自然奇境第九季-Nature Wonder Land IX（2014）	https://www.bilibili.com/video/av10748268	3724
女王的骏马-ALL THE QUEEN'S HORSES	https://www.bilibili.com/video/av22242900	3717
【纪录片】为了自由：美国黑人的故事 2011	https://www.bilibili.com/video/av18361730	3716
【纪录片/BBC】繁荣的英国房地产 The British Property Boom（2014）	https://www.bilibili.com/video/av10811022	3669
【纪录片/BBC】恐同：秘密网络 Faith And Gay Fear（2015）	https://www.bilibili.com/video/av10966304	3640
"【纪录片-NHK】野生动物 危险之旅 水牛大战狮子-Journey into Danger, Buffalo vs. Lion（2014）"	https://www.bilibili.com/video/av11640346	3626
【纪录片】摇滚传奇第五季	https://www.bilibili.com/video/av18327468	3619
【纪录片】艾德走遍不列颠-ADE IN BRITAIN	https://www.bilibili.com/video/av26046277	3603
【纪录片】探索长寿的奥秘 Chasing Longevity	https://www.bilibili.com/video/av14886982	3581
【纪录片/BBC】自然世界：动物屋-Natural World Animal House （2011）	https://www.bilibili.com/video/av9669597	3578
【纪录片】乐享中国新机遇	https://www.bilibili.com/video/av22337330	3547
【纪录片】丘吉尔的秘密之子 Churchill's Secret Son	https://www.bilibili.com/video/av15718280	3545
【纪录片】北海道特产展又如何 Any Question about Hokkaido Food Fair （2012-2014）	https://www.bilibili.com/video/av12063980	3544
【纪录片】 美国控枪实录-A Film About Guns in america	https://www.bilibili.com/video/av17671709	3530
【纪录片】空中勇士第四季-Air Warriors (Series 4)	https://www.bilibili.com/video/av25571976	3512
【纪录片】不可思议的镜头-The Impossible Lens	https://www.bilibili.com/video/av19963491	3505
【纪录片】英国不为人知的遗产	https://www.bilibili.com/video/av17165965	3476
【纪录片】BBC NHU创新的60年24 捕捉生物光	https://www.bilibili.com/video/av17407237	3465
【纪录片】六胞胎的生活：小兰姆们-OUR LIVES: SEXTUPLETS: THE LITTLE LAMBS	https://www.bilibili.com/video/av23869317	3451
【纪录片】周游世界 The Great Australian Doorstep 2015	https://www.bilibili.com/video/av18362569	3436
【纪录片】诺玛餐厅在澳大利亚-NOMA	https://www.bilibili.com/video/av23867811	3435
【纪录片/BBC】陷穴吞没记 Swallowed By A Sinkho （2014）【地平线系列】	https://www.bilibili.com/video/av9829616	3435
【纪录片/BBC】耽于享乐 Addicted To Pleasure（2012）	https://www.bilibili.com/video/av9825701	3434
【纪录片】 编剧室 The Writers' Room	https://www.bilibili.com/video/av16623468	3433
【纪录片/BBC】十年新发现 DECADE OF DISCOVERY （2010）	https://www.bilibili.com/video/av11288749	3402
【纪录片】陨石人 Meteorite Men	https://www.bilibili.com/video/av17443522	3380
【纪录片/BBC】一条绳子有多长 HOW LONG IS A PIECE OF STRING （2009） 【地平线系列】	https://www.bilibili.com/video/av11453334	3379
【纪录片】富足之街-Streets of Plenty	https://www.bilibili.com/video/av17996720	3377
【纪录片】贵族之宴-Cuisine Royale	https://www.bilibili.com/video/av20573544	3371
【纪录片/BBC】世界：西蒙・利夫：茶叶的踪迹 THIS WORLD: THE TEA TRAIL WITH SIMON REEVE （2014）	https://www.bilibili.com/video/av11718096	3370
【纪录片/BBC】旅游节目 THE TRAVEL SHOW （2015）	https://www.bilibili.com/video/av11643202	3361
"【纪录片/NHK】猎物VS猎手 塞伦盖蒂平原上的生存之战-Prey vs. Predators, Survival on the Serengeti（2011）"	https://www.bilibili.com/video/av11635464	3357
【纪录片】欺凌事件-Bullies	https://www.bilibili.com/video/av18600989	3356
【纪录片】揭秘北海	https://www.bilibili.com/video/av21581003	3349
【纪录片】英国赌事 Britain at the Bookies （2014）	https://www.bilibili.com/video/av13942853	3344
【纪录片】地球的秘密花园-Grand Earth	https://www.bilibili.com/video/av16513430	3325
【纪录片/NHK】自然奇境第八季-Nature Wonder Land VIII（2013）	https://www.bilibili.com/video/av10661675	3325
【纪录片】大脑的音乐-Music of the brain	https://www.bilibili.com/video/av16801795	3268
到底是怎么了-WHAT REALLY HAPPENED? (Flight Rio / Paris')	https://www.bilibili.com/video/av21619318	3263
【纪录片】加拿大生命线-KEEPING CANADA ALIVE	https://www.bilibili.com/video/av25406075	3253
【纪录片】生态旅游：生存的真正成本 Eco Trip ：The Real Cost Of Livin	https://www.bilibili.com/video/av17185083	3252
【纪录片】流行档案第三季	https://www.bilibili.com/video/av18327693	3222
【纪录片/BBC】与狗同行 Wonderland Walking With Dogs（2012）	https://www.bilibili.com/video/av11114248	3189
【纪录片/BBC】与布鲁斯一起探北极 ARCTIC WITH BRUCE PARRY （2011）	https://www.bilibili.com/video/av11288745	3187
【纪录片/BBC】英伦的面孔 The Face Of Britain （2015）	https://www.bilibili.com/video/av11663561	3185
【纪录片/BBC】超级聪明的动物-Super Smart Animals （2012）	https://www.bilibili.com/video/av9769253	3176
【纪录片】孤注一掷-Long Shot	https://www.bilibili.com/video/av26202259	3166
【纪录片】慕尼黑疯狂的一天-A CRAZY DAY IN MUNICH	https://www.bilibili.com/video/av14893529	3165
化茧成蝶-BODY FIXERS	https://www.bilibili.com/video/av21940548	3152
【纪录片/BBC】机场全天候 AIRPORT 24/7 （2013）	https://www.bilibili.com/video/av10810889	3139
一夜狂欢-ONE NIGHT STAND	https://www.bilibili.com/video/av21619452	3130
开拍 第一季-Hitrecord on TV S1	https://www.bilibili.com/video/av21940100	3116
【纪录片】美国宝藏-America's Treasures	https://www.bilibili.com/video/av25193936	3095
【纪录片】荷尔蒙的奇妙世界-The Fantastical World of Hormones	https://www.bilibili.com/video/av15718297	3082
【纪录片/BBC】抗击癌症- Defeating Cancer（2012）【地平线系列】	https://www.bilibili.com/video/av9650332	3077
【纪录片】合理瘦身 第二季-HOW TO LOSE WEIGHT WELL (SERIES 2)	https://www.bilibili.com/video/av27774920	3067
【纪录片】气候危机 Climate Chaos in the South	https://www.bilibili.com/video/av17671639	3067
【纪录片】我妈妈跟外星人打交道-My Mum Talks To Aliens	https://www.bilibili.com/video/av26190853	3047
【纪录片/BBC】吉米和食物价格之旅-Jimmy's Food Price Hike （2014）	https://www.bilibili.com/video/av9669581	3046
【纪录片/BBC】英国的华人虎妈妈-MEET BRITAIN'S CHINESE TIGER MUMS （2012）	https://www.bilibili.com/video/av9769415	3042
【纪录片/BBC】长命百岁 第一季 DON'T DIE YOUNG SR1（2007）	https://www.bilibili.com/video/av11298024	2995
【纪录片】希思罗机场-HEATHROW	https://www.bilibili.com/video/av24575227	2992
【纪录片/BBC】极端天气:幸存者 Extreme Weather-The Survivors（2015）	https://www.bilibili.com/video/av10811214	2963
【纪录片】飓风360 Hurricane 360	https://www.bilibili.com/video/av17465263	2960
【纪录片/NHK】自然奇境第二季-Nature Wonder Land II（2007）	https://www.bilibili.com/video/av10554978	2941
【纪录片/BBC】大胡子骑士之天天美食 HAIRY BIKERS EVERYDAY GOURMETS （2013）	https://www.bilibili.com/video/av11317520	2937
【纪录片】无边灾难-No Limits	https://www.bilibili.com/video/av18155722	2935
【纪录片/NHK】荒野之谜第六季-Wild Secrets VI（2008）	https://www.bilibili.com/video/av10472998	2931
【纪录片】中央公园效应-Birders: The Central Park Effect	https://www.bilibili.com/video/av25636416	2925
地球觉醒之旅 第三季-1000 Days For The Planet S3	https://www.bilibili.com/video/av21939898	2924
【纪录片】长寿有道-Centenarian Rules of Life	https://www.bilibili.com/video/av25290210	2923
盖伊马丁急速飞车：F1赛车特别版-SPEED WITH GUY MARTIN - F1 SPECIA	https://www.bilibili.com/video/av23230514	2921
【纪录片/BBC】千禧儿童 MILLENNIUM CHILDREN （2015）	https://www.bilibili.com/video/av11718087	2921
【纪录片/NHK】荒野之谜第五季-Wild Secrets V（2005）	https://www.bilibili.com/video/av10554163	2885
【纪录片】自在生活 第五季-Cooked: Living Free (Series 5)	https://www.bilibili.com/video/av25641850	2883
鸟脑（2012）	https://www.bilibili.com/video/av20143495	2873
【纪录片】奇妙的旅行家 Curious Traveler 2016	https://www.bilibili.com/video/av18480307	2855
【纪录片】皇室艺踪 Royal Paintbox	https://www.bilibili.com/video/av16801653	2835
【纪录片】太平洋火圈 How The Earth Was Made-Ring Of Fire （2009）	https://www.bilibili.com/video/av16077294	2816
【纪录片/BBC】万物的奥秘-Secrets Of Everything (2012)	https://www.bilibili.com/video/av9769450	2815
【纪录片】背后的故事 遗忘在时光里的一战照片	https://www.bilibili.com/video/av16801778	2792
【纪录片/NHK】深入海啸-Inside the Tsunami（2016）	https://www.bilibili.com/video/av10769027	2772
"【纪录片/NHK】捕鼠高手的乐土 埃塞俄比亚狼-Realm of the Rat Catchers, Ethiopian Wolves （2013）"	https://www.bilibili.com/video/av11635444	2763
【纪录片/BBC】长命百岁 第二季 DON'T DIE YOUNG SR2 （2008）	https://www.bilibili.com/video/av11297980	2746
【纪录片】成名在望-Almost Famous（2009）	https://www.bilibili.com/video/av11323011	2706
【纪录片/BBC】无法停止 Can't Stop（2013）	https://www.bilibili.com/video/av11118966	2693
【纪录片】博金斯基：癌症药物背后	https://www.bilibili.com/video/av18115369	2688
【纪录片】连体姐妹花：艾比和布列塔尼	https://www.bilibili.com/video/av16796226	2687
【纪录片/BBC】一战死亡隧道大发掘 WWI TUNNELS OF DEATH: THE BIG DIG （2012）	https://www.bilibili.com/video/av11119258	2674
【纪录片】见证伟大-Visions Of Greatness	https://www.bilibili.com/video/av23307983	2657
【纪录片】冬天的科学_Science of Winter	https://www.bilibili.com/video/av22339683	2656
【纪录片/BBC】野性巴西 WILD BRAZIL - THE LAND OF FIRE & FLOOD （2014）	https://www.bilibili.com/video/av11114186	2648
【纪录片】豪登高铁-GautrainProRes	https://www.bilibili.com/video/av19317956	2637
【纪录片/BBC】青春永驻-Don't Grow Old （2010） 【地平线系列】	https://www.bilibili.com/video/av9650261	2634
大使 第三季-THE EMBASSY S03	https://www.bilibili.com/video/av22638705	2629
巨石阵行动-Stonehenge	https://www.bilibili.com/video/av21947305	2625
【纪录片/BBC】风暴星球 Storm Planets（2011）	https://www.bilibili.com/video/av10810922	2624
【纪录片/BBC】食物的未来 The Future Of Food（2009）	https://www.bilibili.com/video/av11016293	2620
【纪录片】e2建筑设计 e? design S2	https://www.bilibili.com/video/av16801304	2612
【纪录片/NHK】风之电话 向逝去的亲人低语-The Phone of the Wind: Whispers to Lost Families （2016）	https://www.bilibili.com/video/av10792008	2587
【纪录片】碰撞之旅 -Funny Journey Around Asia （2014-2016）	https://www.bilibili.com/video/av12098710	2575
【纪录片】因祸得福-BUILT FROM DISASTER	https://www.bilibili.com/video/av23891048	2568
【纪录片/BBC】扮演上帝-Playing God (2012)【地平线系列】	https://www.bilibili.com/video/av9828649	2556
【纪录片】苦涩的种子-Bitter Seeds	https://www.bilibili.com/video/av24965619	2540
【纪录片】北极行动-Operation Arctic	https://www.bilibili.com/video/av27164788	2538
【纪录片】一小时生死救援 An Hour to say your life（2014）	https://www.bilibili.com/video/av14860627	2538
【纪录片】炸弹 子弹&骗局-Bombs Bullets and Fraud	https://www.bilibili.com/video/av19961238	2530
【纪录片】红牛皂飞车大赛 第三季-Red Bull Soapbox S3	https://www.bilibili.com/video/av24491896	2523
【纪录片/NHK】医疗革命-背痛与大脑-Medical Revolution C Episode 4: Back Pain and the Brain（2015	https://www.bilibili.com/video/av11638761	2520
【纪录片】自在生活 第四季-Cooked: Out Of The Frying Pan (Series 4)	https://www.bilibili.com/video/av26515722	2503
【纪录片/BBC】自然世界:加拉帕戈斯群岛的变化 NATURAL WORLD: GALAPAGOS - ISLANDS OF CHANGE （2015）	https://www.bilibili.com/video/av11119029	2487
马克龙的爱丽舍之路 Macron’s Road to Elysée	https://www.bilibili.com/video/av16403547	2481
大使 第二季-THE EMBASSY S2	https://www.bilibili.com/video/av21940801	2476
奢侈的一小半：圣诞特别版-HOW THE OTHER HALF LIVES - XMAS SPECI	https://www.bilibili.com/video/av23230309	2473
【纪录片】名人家事-Family Confidential	https://www.bilibili.com/video/av16343192	2472
【纪录片】五大湖 How The Earth Was Made_Great Lakes （2009）	https://www.bilibili.com/video/av16071416	2467
【纪录片】清迈疯狂的一天-A Crazy Day in Chiang Mai	https://www.bilibili.com/video/av14860663	2445
【纪录片】尼斯湖 How The Earth Was Made-Loch Ness （2008）	https://www.bilibili.com/video/av16071399	2422
【纪录片/BBC】地平线指南-谋杀之谜 The Mystery of Murder C A Horizon Guide （2015）	https://www.bilibili.com/video/av11298101	2416
【纪录片/NHK】自然奇境第三季- Nature Wonder Land III（2008）	https://www.bilibili.com/video/av10555505	2409
"【纪录片/NHK】街头邂逅：斯洛文尼亚 皮兰-Somewhere Street：Piran, Slovenia（2009）"	https://www.bilibili.com/video/av10596200	2405
【纪录片】俯瞰美国：建筑奇迹-Aerial America: Man Made Marvels	https://www.bilibili.com/video/av24956618	2399
【纪录片】拯救地球-Earth's Survival	https://www.bilibili.com/video/av16343133	2398
【纪录片】荧幕明星5	https://www.bilibili.com/video/av21545989	2359
"【纪录片/NHK】街头邂逅：罗马尼亚 布拉索夫- Somewhere Street Brasov, Romania（2009）"	https://www.bilibili.com/video/av10556505	2358
【纪录片】神奇的大脑-Beautiful Minds（2012）	https://www.bilibili.com/video/av11088031	2357
【纪录片/BBC】寻找希金斯粒子 THE HUNT FOR THE HIGGS （2012）【地平线系列】	https://www.bilibili.com/video/av11675000	2349
【纪录片】莎翁之墓-Shakespeare's Tomb Tomb （2016）	https://www.bilibili.com/video/av14833085	2344
【纪录片】陨石袭击 Meteor strike （2013）	https://www.bilibili.com/video/av13904322	2339
【纪录片】e2建筑设计 e? design S3	https://www.bilibili.com/video/av16801232	2334
【纪录片】美国飓风：镜头捕捉 Superstorm USA Post Watershed Clone	https://www.bilibili.com/video/av16795795	2334
在动物园出生-LIFE AT THE ZOO (Born in the)	https://www.bilibili.com/video/av21619346	2332
【纪录片】黑天鹅-Black Ballerina	https://www.bilibili.com/video/av20139793	2309
【纪录片】荧幕明星 第二季 Stars Of The Silver Screen Series 2	https://www.bilibili.com/video/av16795959	2307
地球觉醒之旅 第二季-1000 Days For The Planet S2	https://www.bilibili.com/video/av21940238	2305
【纪录片】运动侦探_sports detectives	https://www.bilibili.com/video/av22360583	2300
【纪录片】乐趣中的财富- Fortunes from Fun（2014）	https://www.bilibili.com/video/av11323858	2289
【纪录片】教室的秘密 Classroom Secrets	https://www.bilibili.com/video/av16801621	2285
【纪录片】心手相连：这不仅仅是一份工作-Heart And Hands:Beyond a Job	https://www.bilibili.com/video/av23257889	2284
【纪录片/BBC】发掘不列颠 第一季 Digging For Britain Series1 （2010）	https://www.bilibili.com/video/av10810961	2276
【纪录片】改变世界的天气 Weather That Changed the World	https://www.bilibili.com/video/av16795141	2272
【纪录片】小行星 是世界末日还是收获日 Asteroids: Doomsday or Payday? （2013）	https://www.bilibili.com/video/av13903914	2270
【纪录片】 奇妙学校-Cool School	https://www.bilibili.com/video/av20407210	2268
玛丽兰海洋公园-LIFE AT THE ZOO (Marineland)	https://www.bilibili.com/video/av21619378	2254
【纪录片】荧幕明星 第三季 Stars Of The Silver Screen Series 3	https://www.bilibili.com/video/av16794821	2254
【纪录片】伊姆斯-Eames	https://www.bilibili.com/video/av19317767	2225
【纪录片/NHK】自然奇境第五季-Nature Wonder Land V（2010）	https://www.bilibili.com/video/av10751133	2223
【纪录片】流行档案第五季	https://www.bilibili.com/video/av18327516	2207
"【纪录片】季节之海-""RAUSU"" The Sea of Four Seasons （2013）"	https://www.bilibili.com/video/av11724755	2172
【纪录片/BBC】发掘不列颠 第二季 Digging For Britain Series2（2011）	https://www.bilibili.com/video/av10811146	2172
了不起的昆虫?（2012）	https://www.bilibili.com/video/av20143198	2169
【纪录片】动物全接触 第8季	https://www.bilibili.com/video/av17165805	2167
【纪录片】幻屏时空 第一季-SCREENLAND S1	https://www.bilibili.com/video/av23264821	2165
盖伊・马丁急速飞车 第一季-SPEED WITH GUY MARTIN - S01	https://www.bilibili.com/video/av23230200	2158
【纪录片】长寿人生-The End Of Ageing	https://www.bilibili.com/video/av17929710	2158
【纪录片】救生员 Lifeguard	https://www.bilibili.com/video/av17047098	2139
【纪录片】旧衣的秘密-The Secret Life of Your Clothes	https://www.bilibili.com/video/av16801132	2134
【纪录片】你的街头 我的舞台-Your Street My Stage C Outstanding Street Performers	https://www.bilibili.com/video/av23258871	2130
【纪录片/BBC】世纪彗星 COMET OF THE CENTURY （2013）【地平线系列】	https://www.bilibili.com/video/av11453270	2130
【纪录片】天才鸟类	https://www.bilibili.com/video/av21580954	2124
城市上空-ON THE ROOFS OF	https://www.bilibili.com/video/av28263161	2118
【纪录片/BBC】监视大熊 GREAT BEAR STAKEOUT （2013）	https://www.bilibili.com/video/av11320581	2118
【纪录片】盗贼追踪-THIEF TRACKERS	https://www.bilibili.com/video/av25412188	2113
【纪录片】现代奇迹硬币流通-Modern Marvels Coin Operated Ii	https://www.bilibili.com/video/av18623442	2112
【记录片】匠人的遗产 第一季	https://www.bilibili.com/video/av20142299	2076
【纪录片】Timelines	https://www.bilibili.com/video/av17671649	2072
【纪录片】范妮的最后晚餐-Fannie's Last Supper	https://www.bilibili.com/video/av20141194	2067
【纪录片/BBC】胡萝卜或者大棒:地平线系列教你如何养育孩子 CARROT OR STICK - A HORIZON GUIDE TO RAISING KIDS	https://www.bilibili.com/video/av10811015	2042
全速前进-FULL STEAM AHEAD	https://www.bilibili.com/video/av21941325	2019
【纪录片】流行档案第二季	https://www.bilibili.com/video/av18327330	2016
【纪录片】流产热线 The Abortion Hotline	https://www.bilibili.com/video/av17671675	2000
【纪录片】最后的叶猴	https://www.bilibili.com/video/av22340871	1982
【纪录片】面罩之下 Behind the Mask（2013）	https://www.bilibili.com/video/av14860545	1982
【纪录片】蒸汽火车的黄金时代-The Golden Age of Steam Railways	https://www.bilibili.com/video/av17920383	1979
【纪录片/BBC】人类感官 Human Senses（2003）	https://www.bilibili.com/video/av11016429	1976
【纪录片】科学并不难-IT'S NOT ROCKET SCIENCE	https://www.bilibili.com/video/av24567685	1966
【纪录片】改变美国的十大事物-10 That Changed America	https://www.bilibili.com/video/av20141429	1952
【纪录片/BBC】24小时送包裹的人 MODERN TIMES: 24 HOUR PARCEL PEOPLE （2015）	https://www.bilibili.com/video/av11718047	1937
五星级遗址-5-STAR MONUMENTS	https://www.bilibili.com/video/av21619287	1929
【纪录片】美国卡车-Modern Marvels American Trucking	https://www.bilibili.com/video/av19356614	1927
【纪录片】时尚激情2 薇薇安 韦斯特伍德	https://www.bilibili.com/video/av21332526	1905
【纪录片/BBC】进入动物的思想 Inside the Animal Mind（2014）	https://www.bilibili.com/video/av10966326	1897
【纪录片】协助犬的故事-Through a Dog's Eyes	https://www.bilibili.com/video/av20140786	1895
【纪录片】杰维克行动-Operation Jaywick：Sinking Japan	https://www.bilibili.com/video/av16801518	1891
【纪录片/NHK】科学探秘第三季-discover science season 3（2015）	https://www.bilibili.com/video/av10427184	1888
【纪录片/BBC】车祸求生-SURVIVING A CAR CRASH （2011）【地平线系列】	https://www.bilibili.com/video/av9829625	1874
我的优步化生活-MA VIE UBéRISéE	https://www.bilibili.com/video/av21619503	1871
【纪录片/BBC】美丽地图 THE BEAUTY OF MAPS （2010）	https://www.bilibili.com/video/av11663506	1855
【纪录片】天堂亚洲-Paradise Asia S2	https://www.bilibili.com/video/av26311710	1839
【纪录片】天空漫游者-Sky Trippers S1	https://www.bilibili.com/video/av23297984	1839
【纪录片】植物油燃料-Greasy Rider	https://www.bilibili.com/video/av19316569	1821
【纪录片】马戏团故事	https://www.bilibili.com/video/av22323088	1815
【纪录片】黄石公园之谜-Mystery in Yellowstone	https://www.bilibili.com/video/av20554502	1797
【纪录片/BBC】清洁工的秘密生活 The Secret Life Of Cleaners （2015）	https://www.bilibili.com/video/av9769288	1773
【纪录片/BBC】发明的火花 Sparks Of Invention（2015）	https://www.bilibili.com/video/av10811116	1757
【纪录片】它来自外太空-Outerspace	https://www.bilibili.com/video/av18333118	1756
【纪录片/NHK】大堡礁上的月亮魔咒- The Moon's Spell on the Great Barrier Reef（2015）	https://www.bilibili.com/video/av10643946	1747
【纪录片】奇谈 Sessions	https://www.bilibili.com/video/av17644404	1728
【纪录片/NHK】自然奇境第四季-Nature Wonder Land IV（2009）	https://www.bilibili.com/video/av10556024	1715
开拍 第二季-Hitrecord on TV S2	https://www.bilibili.com/video/av21940317	1709
【纪录片】电影的魅力 第三季 Movie Talk S3	https://www.bilibili.com/video/av16795063	1708
【纪录片】电影的魅力 第二季 Movie Talk S2	https://www.bilibili.com/video/av16794702	1707
【纪录片】流行档案第四季	https://www.bilibili.com/video/av18327846	1691
【纪录片】黑色之翼-Black Wings	https://www.bilibili.com/video/av26270300	1686
【纪录片】追逐幸福 chasing happiness	https://www.bilibili.com/video/av15451794	1668
【纪录片/NHK】医疗革命-预防失智症-Medical Revolution C Episode 5: Preventing Dementia （2015）	https://www.bilibili.com/video/av11638781	1668
e2建筑干预-e2intervention architecture	https://www.bilibili.com/video/av17918200	1638
【纪录片/BBC】把地球绘进地图-Mapping The World （2010）	https://www.bilibili.com/video/av9669522	1636
【纪录片】拯救大象 How I Became an Elephant	https://www.bilibili.com/video/av17046631	1624
拉脱维亚的盖・马丁-GUY MARTIN - OUR GUY IN LATVIA	https://www.bilibili.com/video/av22639856	1620
【纪录片】半边天-Half the Sky【2011】	https://www.bilibili.com/video/av18122149	1607
【纪录片/BBC】葬礼导演 Funeral Directors（2012）	https://www.bilibili.com/video/av11114209	1596
盖伊・马丁急速飞车 第二季-SPEED WITH GUY MARTIN - S02	https://www.bilibili.com/video/av23230620	1578
【纪录片】兄弟情义与勇气・瓦希姆消防员	https://www.bilibili.com/video/av21587434	1571
【纪录片】伦敦好莱坞 London's Hollywood	https://www.bilibili.com/video/av16801364	1569
【纪录片】海湾浩劫 Dispatches from the Gulf 	https://www.bilibili.com/video/av16801434	1561
【纪录片/BBC】自然世界：日本雪猴 NATURAL WORLD: SNOW MONKEYS - WHO'S HOT AND WHO'S NOT （2009）	https://www.bilibili.com/video/av11668837	1550
奥弗涅中部世界-LIFE AT THE ZOO (Le Pal)	https://www.bilibili.com/video/av21619519	1532
【纪录片】杰西卡・沃森-真正的勇气 Jessica Watson True Spirit （2010）	https://www.bilibili.com/video/av14860636	1524
【纪录片】运斤成风-The History of the Pit Stop	https://www.bilibili.com/video/av23248069	1520
【纪录片】数字媒体-Digital Media: New Learners of the 21st Century	https://www.bilibili.com/video/av20140673	1500
【纪录片】俯瞰美国：自然奇景-Aerial America: Natural Wonders	https://www.bilibili.com/video/av24954885	1479
【纪录片】48小时制作-Make48	https://www.bilibili.com/video/av20139954	1478
【纪录片】龙卷风：俄克拉何马州的灾难 Mile Wide TornadoOklahoma Disas	https://www.bilibili.com/video/av17046892	1470
【纪录片/BBC】超人类的挑战-SUPER HUMAN CHALLENGE （2013）	https://www.bilibili.com/video/av9769217	1461
【纪录片】北极熊之夏	https://www.bilibili.com/video/av21581068	1459
【纪录片】俯瞰美国：好莱坞之外-Aerial America: Beyond Hollywood	https://www.bilibili.com/video/av26271523	1459
【纪录片】荧幕明星 第四季 Stars Of The Silver Screen S4	https://www.bilibili.com/video/av16794955	1457
【纪录片】伊丽莎白二世之后：激流中的君主制-After Elizabeth II: The Mona	https://www.bilibili.com/video/av25559562	1452
【纪录片/BBC】的士司机国外之旅-A CABBIE ABROAD （2014）	https://www.bilibili.com/video/av11264660	1438
【纪录片】阿拉斯加空难-Alaska Air Crash Investigations	https://www.bilibili.com/video/av26271388	1436
俄罗斯寻虎行动（2012）	https://www.bilibili.com/video/av20143451	1421
【纪录片/BBC】夜行动物探秘-Dark-The Nature's Nighttime World （2012）	https://www.bilibili.com/video/av9669134	1418
【纪录片】1973凡尔赛之战	https://www.bilibili.com/video/av20140387	1348
【纪录片】致命曼谷-Bangkok Bites （2013）	https://www.bilibili.com/video/av11132705	1343
阿塔卡玛之眼?（2013）	https://www.bilibili.com/video/av20143423	1342
【纪录片/BBC】如何培养一名宇航员-HOW TO BUILD AN ASTRONAUT （2015）【地平线系列】	https://www.bilibili.com/video/av9828654	1335
【纪录片】春临神明之海 Spring Has Come to the Sea of Gods in Hokkaido （2015）	https://www.bilibili.com/video/av11724777	1333
【纪录片】冰人-Iceman	https://www.bilibili.com/video/av19965174	1328
【纪录片】加柔制衣 Unleashed by garo	https://www.bilibili.com/video/av16623745	1310
【纪录片/BBC】动物拯救了我 An Animal Saved My Life（2009）	https://www.bilibili.com/video/av10810907	1308
【纪录片】走进自然-United	https://www.bilibili.com/video/av25404491	1289
【纪录片/BBC】自然世界：大猩猩看电视 NATURAL WORLD: CHIMP TV （2010）	https://www.bilibili.com/video/av11675032	1257
教练-COACH	https://www.bilibili.com/video/av21619260	1236
【纪录片/BBC】巡回鉴宝警探 第一季 ANTIQUES ROADSHOW DETECTIVES: SERIES 1（2015）	https://www.bilibili.com/video/av11132570	1218
【纪录片】俯瞰美国：美妙目的地-Aerial America: Amazing Destinations	https://www.bilibili.com/video/av24955918	1216
【纪录片】属于我们的街道 These street belong to us	https://www.bilibili.com/video/av16795552	1187
【纪录片/BBC】见证灵光一闪的时刻 -HOW TO BE MORE CREATIVE （2013）【地平线系列】	https://www.bilibili.com/video/av9829590	1187
【纪录片】危畔求生-Easy Like Water	https://www.bilibili.com/video/av20141478	1176
【纪录片】现代奇迹环境科技-Modern Marvels-Environmental Tech	https://www.bilibili.com/video/av18333077	1161
【纪录片】电影的魅力 第四季 Movie Talk S4	https://www.bilibili.com/video/av16795779	1153
【纪录片】地球反思录-Planet RE think	https://www.bilibili.com/video/av16513443	1147
【纪录片/BBC】天网恢恢：飞行员小姐 FIRST KILL LAST KILL: PILOT（2014）	https://www.bilibili.com/video/av11114014	1142
【纪录片】星光记者争霸赛 Exclusives （2012）	https://www.bilibili.com/video/av12041966	1138
【纪录片/BBC】致命的生物全景 Deadly 360（2011）	https://www.bilibili.com/video/av11119387	1133
【纪录片】现代奇迹之为永恒而建-Modern Marvels Built To Last	https://www.bilibili.com/video/av18623455	1115
"【纪录片】小星球,大主意"	https://www.bilibili.com/video/av20715539	1115
鹦鹉星球?（2014）	https://www.bilibili.com/video/av20143112	1114
360度全方位	https://www.bilibili.com/video/av17445585	1112
【纪录片/BBC】水下地球 Earth Under Water（2011）	https://www.bilibili.com/video/av11114102	1110
【纪录片/BBC】心智斗争 BATTLE IN YOUR MIND （2014） 【地平线系列】	https://www.bilibili.com/video/av11453289	1109
【纪录片】Curse of the Axe 铁斧之咒（2012）	https://www.bilibili.com/video/av13497380	1094
【纪录片/BBC】地球一日 24 Hours On Earth（2014）	https://www.bilibili.com/video/av10642226	1091
【纪录片】维珍航空-VIRGIN ATLANTIC: UP IN THE AIR	https://www.bilibili.com/video/av25409264	1085
【纪录片】猎人与熊-Beary Tales	https://www.bilibili.com/video/av20691695	1080
【纪录片】B计划：拯救-Plan B：Mobilising to Save Civilisation	https://www.bilibili.com/video/av16801545	1075
【纪录片】E平方 环保交通-e? transport	https://www.bilibili.com/video/av18600786	1058
【纪录片】地球起源之美洲冰河世纪-How The Earth Was Made America's Ice Age	https://www.bilibili.com/video/av18332981	1057
【纪录片】威尼斯电视节 Venice Film Festival 2012	https://www.bilibili.com/video/av18480638	1044
【纪录片/NHK】命运之旅 北海道棕熊-The Fateful Journey：Hokkaido Brown Bear （2014）	https://www.bilibili.com/video/av10472860	1038
巨石阵-遗迹复活（2013）	https://www.bilibili.com/video/av20143540	1009
【纪录片】收养记：洛林・帕斯卡的故事 Fostering and Me with Lorraine Pascale（2013）	https://www.bilibili.com/video/av14886916	1001
【纪录片/BBC】鲁布托鞋的秘密 IN LOUBOUTIN'S SHOES（2015）	https://www.bilibili.com/video/av10990771	994
【纪录片】蓑-Lionfish	https://www.bilibili.com/video/av20694115	967
【纪录片】古生物侦探 Paleo Sleuths	https://www.bilibili.com/video/av20140429	958
【纪录片】爱德华・路贝特和普罗旺斯的味道-Edouard Loubet and the flavours of Provence（2015）	https://www.bilibili.com/video/av11132711	947
【纪录片】不朽之影-The Immortal shadows（2013）	https://www.bilibili.com/video/av11138754	936
郁金香美梦（2013）	https://www.bilibili.com/video/av20143472	925
大卫・爱登堡之地球上的光芒（2016）	https://www.bilibili.com/video/av20143140	921
【纪录片/BBC】奶爸当家 Daddy Daycare（2012）	https://www.bilibili.com/video/av10990448	910
【纪录片】寻找特兰西瓦尼亚黄金-Hunt For Transylvanian Gold	https://www.bilibili.com/video/av26202844	902
【纪录片】走近尚流-INSIDE TATLER: A GUIDE TO BRITISH POSH	https://www.bilibili.com/video/av24573951	902
【纪录片/BBC】尖叫：保罗・好莱坞遇见阿斯顿・马丁 （2015）	https://www.bilibili.com/video/av10966267	898
【纪录片】豹子故事-Leopard Stories	https://www.bilibili.com/video/av25284858	897
【记录片】匠人的遗产 第三季	https://www.bilibili.com/video/av20142012	896
【纪录片】我的新手 My New Hand	https://www.bilibili.com/video/av16795538	822
【纪录片/BBC】爱登堡巨蛋 ATTENBOROUGH & THE GIANT EGG （2011）	https://www.bilibili.com/video/av9813243	802
【纪录片】汉密尔顿之旅-Hamilton's Journey	https://www.bilibili.com/video/av20703095	797
【纪录片/BBC】昆廷卡洛琳国家公园 CAROLINE QUENTIN'S NATIONAL PARKS （2013）	https://www.bilibili.com/video/av10966173	756
【纪录片】寻找迈克-Looking for Mike	https://www.bilibili.com/video/av16513518	745
流星威胁（2013）	https://www.bilibili.com/video/av20143563	712
【纪录片】美国天才-Genius In America	https://www.bilibili.com/video/av27054812	686
【纪录片】城市绿洲-Growing Cities	https://www.bilibili.com/video/av20140718	653
【纪录片/BBC】一个完全不同的我 A Totally Different Me（2012）	https://www.bilibili.com/video/av11132650	578
【纪录片】匠人的遗产 第二季	https://www.bilibili.com/video/av20141117	534
【纪录片】环境家The Lazy Environmentalist 2009	https://www.bilibili.com/video/av18480463	514
【纪录片/BBC】布雷特：无胳膊的生活 Brett A Life With No Arms（2015）	https://www.bilibili.com/video/av9828608	490
【纪录片/BBC】我躲过了一次致命的飞行 I Survived A Fatal Flight（2013）	https://www.bilibili.com/video/av11119010	408
【纪录片】Environmental Tech - 环境科技	https://www.bilibili.com/video/av18333096	284
那些年的BBC可不是白追的！(*/ω＼*)	https://space.bilibili.com/7584632/#/dynamic	0
猫狗大战 BDC第60期	https://www.bilibili.com/read/cv3698	0
