title,url,vcn
【BBC纪录片】文明,https://space.bilibili.com/7584632/#/dynamic,729000
【第五频道】小喵的秘密上集【双语特效字幕】【纪录片之家字幕组】,https://www.bilibili.com/video/av5422402,420000
【ITV】小汪的秘密 初生的六个月 上集【1080p】【双语特效字幕】【纪录片之家字幕组】,https://www.bilibili.com/video/av7626074,280000
【国家地理】超级工厂 之 可口可乐【双语字幕】【纪录片之家字幕组】,https://www.bilibili.com/video/av5223678,211000
【纪录片】天空之城 第一集 出发【双语特效字幕】【纪录片之家字幕组】,https://www.bilibili.com/video/av4940436,180000
【第五频道】小喵的秘密下集【双语特效字幕】【纪录片之家字幕组】,https://www.bilibili.com/video/av5480509,153000
【SKY】【猫科动物 奇妙的动物家族 1】【双语特效】【纪录片之家字幕组】,https://www.bilibili.com/video/av3693133,146000
【SKY】【猫科动物 奇妙的动物家族 2】【双语特效】【纪录片之家字幕组】,https://www.bilibili.com/video/av3786967,117000
【纪录片】耶路撒冷之圣城由来第一集【双语特效字幕】【纪录片之家字幕组】,https://www.bilibili.com/video/av5455354,115000
【纪录片】走进工厂之如何制作我们最喜爱的食品 第一集 面包【双语特效字幕】【纪录片之家字幕组】,https://www.bilibili.com/video/av8111590,112000
【纪录片】 海洋巨兽 Ocean Giant 第1集 【中英特效字幕】 【纪录片之家字幕组】,https://www.bilibili.com/video/av4239454,99000
【纪录片】哈利波特 一段魔法史【720p】【双语特效字幕】【纪录片之家字幕组】,https://www.bilibili.com/video/av17045615,93000
【纪录片】世界最大的鲜花市场【双语特效字幕】【纪录片之家字幕组】,https://www.bilibili.com/video/av5137142,93000
【纪录片】走进工厂之如何制作我们最喜爱的食品 第二集 巧克力【双语特效字幕】【纪录片之家科技控】,https://www.bilibili.com/video/av8566109,92000
【纪录片】鲜血与黄金 铸就西班牙【全三集】【纪录片之家字幕组】,https://www.bilibili.com/video/av4946203,90000
【历史频道】爱因斯坦【双语字幕】【纪录片之家字幕组】,https://www.bilibili.com/video/av4903011,74000
【纪录片】数据的乐趣【1080p】【双语特效字幕】【纪录片之家科技控】,https://www.bilibili.com/video/av8225730,73000
NG 超级工厂 波音747-8 中英双语 纪录片之家字幕组,https://www.bilibili.com/video/av4166719,72000
【国家地理】梵蒂冈【720p】【双语特效字幕】【纪录片之家字幕组】,https://www.bilibili.com/video/av6606249,71000
【Ch4】日德兰海战 一战之最大海战【双语特效字幕】【纪录片之家字幕组】,https://www.bilibili.com/video/av8679318,66000
【纪录片】走进工厂之如何制作我们最喜爱的食品 第三集 牛奶【双语特效字幕】【纪录片之家科技控】,https://www.bilibili.com/video/av9762063,63000
【纪录片】走进工厂 之 饮料【720p】【双语特效字幕】【纪录片之家科技控】,https://www.bilibili.com/video/av25836389,58000
【纪录片】走进工厂 之 糖果【720p】【双语特效字幕】【纪录片之家科技控】,https://www.bilibili.com/video/av16674120,57000
【纪录片】天空之城 第二集 飞行【双语特效字幕】【纪录片之家字幕组】,https://www.bilibili.com/video/av5026145,56000
【纪录片】猫咪观察 1【720p】【双语特效字幕】【纪录片之家爱自然】,https://www.bilibili.com/video/av14707989,55000
【探索频道】惊天工程 之 最大客机 空客A380 【双语字幕】【纪录片之家字幕组】,https://www.bilibili.com/video/av4420925,54000
【纪录片】私家庄园揭秘 第一集 中英双语 纪录片之家字幕组,https://www.bilibili.com/video/av3776429,53000
【纪录片】天空之城 第三集 降落【双语特效字幕】【纪录片之家字幕组】,https://www.bilibili.com/video/av5115399,50000
【纪录片】被黑洞吞噬【双语特效字幕】【纪录片之家科技控】,https://www.bilibili.com/video/av8177546,49000
【纪录片】【古希腊瑰宝 1 英雄时代】【双语特效字幕】【纪录片之家字幕组】,https://www.bilibili.com/video/av3807473,48000
【纪录片】走进工厂 之 饼干【720p】【双语特效字幕】【纪录片之家科技控】,https://www.bilibili.com/video/av18506205,47000
【纪录片】走进工厂 之 茶包【720p】【双语特效字幕】【纪录片之家科技控】,https://www.bilibili.com/video/av16096227,47000
【纪录片】走进工厂 之 鳕鱼条【720p】【双语特效字幕】【纪录片之家科技控】,https://www.bilibili.com/video/av22373860,46000
【纪录片】耶路撒冷之圣城由来第二集【双语特效字幕】【纪录片之家字幕组】,https://www.bilibili.com/video/av5495887,46000
【探索频道】惊天工程之最快火车 上海磁悬浮【双语字幕】【纪录片之家字幕组】,https://www.bilibili.com/video/av4561610,46000
【赫梯帝国 The Hittites】【中英文双语字幕】【纪录片之家字幕组】,https://www.bilibili.com/video/av3684717,45000
【探索频道】 揭秘金字塔黑暗之谜【双语特效字幕】【纪录片之家科技控】,https://www.bilibili.com/video/av13833730,43000
【纪录片】霍金与黑洞【双语特效字幕】【纪录片之家字幕组】,https://www.bilibili.com/video/av4389697,43000
 【纪录片】俄国末代公主 上集【双语特效字幕】【纪录片之家字幕组】,https://www.bilibili.com/video/av7328347,42000
【纪录片】走进工厂 之 麦片【720p】【双语特效字幕】【纪录片之家科技控】,https://www.bilibili.com/video/av19510444,40000
【纪录片】维也纳 - 帝国 王朝与梦想第一集【1080p】【双语特效字幕】【纪录片之家字幕组】,https://www.bilibili.com/video/av11633320,40000
【史密尼森】水下地狱-二战潜艇战 第一集 狼群战术【双语特效字幕】【纪录片之家字幕组】,https://www.bilibili.com/video/av6409324,40000
【纪录片】美国梦之安魂曲【720p】【双语特效字幕】【纪录片之家字幕组】,https://www.bilibili.com/video/av5622427,40000
【Cinedigm 】女孩崛起【720p】【双语特效字幕】【纪录片之家字幕组】,https://www.bilibili.com/video/av13657788,39000
【纪录片】十万镑建房之装修诀窍 第一集【720p】【双语特效字幕】【纪录片之家字幕组】,https://www.bilibili.com/video/av7758675,39000
【纪录片】鬼斧木工 第一集 非凡的汤玛斯·齐本德尔【双语特效字幕】【纪录片之家字幕组】,https://www.bilibili.com/video/av4467331,38000
【纪录片】海洋巨兽 Ocean Giant 第2集 【中英特效字幕】 【纪录片之家字幕组】,https://www.bilibili.com/video/av4271309,37000
【纪录片】空中勇士F15【双语特效字幕】【纪录片之家字幕组】,https://www.bilibili.com/video/av6196820,36000
【纪录片】走进工厂 之 酱料【720p】【双语特效字幕】【纪录片之家科技控】,https://www.bilibili.com/video/av28556046,35000
【探索频道】奥斯曼帝国与基督教世界 - 欧洲之战 第一集【720p】【双语特效字幕】【纪录片之家字幕组】,https://www.bilibili.com/video/av14300098,35000
【探索频道】惊天工程 之 伊丽莎白女王号航空母舰【双语字幕】【纪录片之家字幕组】,https://www.bilibili.com/video/av4977967,35000
【纪录片】走进工厂 之 意面【720p】【双语特效字幕】【纪录片之家科技控】,https://www.bilibili.com/video/av17629188,34000
 【探索频道】惊天工程 之 上海中心大厦【双语字幕】【纪录片之家字幕组】,https://www.bilibili.com/video/av6340654,34000
【史密森尼】日本武士女王【双语字幕】【纪录片之家字幕组】,https://www.bilibili.com/video/av5181122,34000
【OSF】猫咪的隐秘生活【1080p】【双语特效字幕】【纪录片之家爱自然】,https://www.bilibili.com/video/av18754979,33000
【纪录片】走进工厂 之 鞋【720p】【双语特效字幕】【纪录片之家科技控】,https://www.bilibili.com/video/av16344856,33000
【Ch4】紫禁城揭秘【双语特效字幕】【纪录片之家科技控】,https://www.bilibili.com/video/av17405192,31000
【纪录片】走进工厂 之 焗豆【720p】【双语特效字幕】【纪录片之家科技控】,https://www.bilibili.com/video/av14625514,31000
【国家地理】超级工厂 柯尼塞格【720p】【双语特效字幕】【纪录片之家科技控】,https://www.bilibili.com/video/av8701842,31000
【探索频道】超级运输 第一集【双语特效字幕】【纪录片之家字幕组】,https://www.bilibili.com/video/av7493276,31000
【纪录片】宠物岛 1/6【双语特效字幕】【纪录片之家字幕组】,https://www.bilibili.com/video/av4310022,31000
【ITV】小汪的秘密 初生的六个月 下集【1080p】【双语特效字幕】【纪录片之家字幕组】,https://www.bilibili.com/video/av7956346,29000
【纪录片】天堂里的又一天【720p】【双语特效字幕】【纪录片之家字幕组】,https://www.bilibili.com/video/av5740996,29000
【纪录片】耶路撒冷之圣城由来第三集【720p】【双语特效字幕】【纪录片之家字幕组】,https://www.bilibili.com/video/av5577779,29000
【纪录片】魔法王国【1080p】【双语特效字幕】【纪录片之家爱自然】,https://www.bilibili.com/video/av20256893,28000
【纪录片】叶芝 - 狂热的心【双语特效字幕】【纪录片之家字幕组】,https://www.bilibili.com/video/av7445198,28000
【国家地理】希腊人 第一集【720p】【双语特效字幕】【纪录片之家字幕组】,https://www.bilibili.com/video/av6314701,28000
【纪录片】地球生灵（原野中的一生）【双语特效字幕】【纪录片之家字幕组】,https://www.bilibili.com/video/av5367269,27000
【纪录片】猫咪观察 2【720p】【双语特效字幕】【纪录片之家爱自然】,https://www.bilibili.com/video/av17664284,26000
【纪录片】从纳粹手中救出的孩子们【720p】【双语特效字幕】【纪录片之家字幕组】,https://www.bilibili.com/video/av7731065,26000
【史密森尼】空中勇士 之 F-16战隼【双语字幕】【纪录片之家字幕组】,https://www.bilibili.com/video/av5235975,26000
【纪录片】十字军东征-时代瞭望之指南【双语特效字幕】【纪录片之家字幕组】,https://www.bilibili.com/video/av5148319,26000
【PBS】埃及艳后 遗失的陵墓【双语字幕】【纪录片之家字幕组】,https://www.bilibili.com/video/av4956982,26000
【纪录片】走进工厂 之 自行车【720p】【双语特效字幕】【纪录片之家科技控】,https://www.bilibili.com/video/av20301046,25000
【纪录片】隐秘王国 第二集 【1080p】【双语特效字幕】【纪录片之家爱自然】,https://www.bilibili.com/video/av10684528,25000
【探索频道】惊天工程 之 超级大桥【720p】【双语特效字幕】【纪录片之家字幕组】,https://www.bilibili.com/video/av7814164,25000
【纪录片】你知道吗 第三集 碳酸饮料和酸奶【720p】【双语特效字幕】【纪录片之家字幕组】,https://www.bilibili.com/video/av6716261,25000
【历史频道】圣殿骑士团的海盗宝藏第一集【720p】【双语特效字幕】【纪录片之家字幕组】,https://www.bilibili.com/video/av6421500,25000
【纪录片】自然伟力第一集雪花中的宇宙【720p】【双语特效字幕】【纪录片之家字幕组】,https://www.bilibili.com/video/av5286173,25000
【纪录片】古罗马的瑰宝 第一集 疣及一切【双语特效字幕】【纪录片之家字幕组】,https://www.bilibili.com/video/av5053493,25000
野性斯里兰卡 第3集 双语字幕 纪录片之家字幕组,https://www.bilibili.com/video/av4637717,25000
【NHK】福岛辐射森林【双语特效字幕】【纪录片之家爱自然】,https://www.bilibili.com/video/av17913917,23000
【纪录片】维也纳 - 帝国 王朝与梦想第三集【1080p】【双语特效字幕】【纪录片之家字幕组】,https://www.bilibili.com/video/av16248353,23000
【探索频道】 揭秘图坦卡蒙之墓【双语特效字幕】【纪录片之家科技控】,https://www.bilibili.com/video/av14745605,23000
【纪录片】三色艺术史 之 蓝色【双语特效字幕】【纪录片之家字幕组】,https://www.bilibili.com/video/av12520177,23000
【纪录片】金属制品之骑士的传说【720p】【双语特效字幕】【纪录片之家字幕组】,https://www.bilibili.com/video/av5930190,23000
【纪录片】了不起的动物遗孤 第一集【双语特效字幕】【纪录片之家字幕组】,https://www.bilibili.com/video/av4967320,23000
【纪录片】鬼斧木工 第三集 神圣的木工制品【双语字幕】【纪录片之家字幕组】,https://www.bilibili.com/video/av4603800,23000
【红牛敢死队】飞翔的艺术【中英字幕】【纪录片之家字幕组】,https://www.bilibili.com/video/av4336803,23000
【Sky频道】与大卫·爱登堡畅游植物王国第一集【720p】【双语特效字幕】【纪录片之家字幕组】,https://www.bilibili.com/video/av5791005,22000
【纪录片】海洋巨兽 Ocean Giant 第3集 【中英特效字幕】【纪录片之家字幕组】,https://www.bilibili.com/video/av4299139,22000
【史密尼森】水下地狱-二战潜艇战 第三集 美国反击【双语特效】【纪录片之家字幕组】,https://www.bilibili.com/video/av7391750,21000
 【纪录片】俄国末代公主 下集【双语特效字幕】【纪录片之家字幕组】,https://www.bilibili.com/video/av7356567,21000
【纪录片】美国偶像 - 里根【双语特效字幕】【纪录片之家字幕组】,https://www.bilibili.com/video/av5756663,21000
【纪录片】和西蒙·里夫游希腊 1/2【中英特效字幕】【纪录片之家字幕组】,https://www.bilibili.com/video/av4317553,21000
超级工厂 威廉姆斯F1车队 中英字幕 纪录片之家字幕组,https://www.bilibili.com/video/av4224259,21000
【纪录片】维也纳 - 帝国 王朝与梦想第二集【1080p】【双语特效字幕】【纪录片之家字幕组】,https://www.bilibili.com/video/av12937074,20000
【纪录片】自然伟力第二集时空某处【1080p】【双语特效字幕】【纪录片之家字幕组】,https://www.bilibili.com/video/av6290880,20000
【国家地理】罗马的命运：腓力比之战【双语字幕】【纪录片之家字幕组】,https://www.bilibili.com/video/av5160904,20000
【BBC】自然世界 之 完美搭档【双语字幕】【纪录片之家字幕组】,https://www.bilibili.com/video/av4997676,20000
【纪录片】了不起的动物遗孤 第二集【双语特效字幕】【纪录片之家字幕组】,https://www.bilibili.com/video/av4914084,20000
惊天工程 之 火星火箭 中英字幕 纪录片之家字幕组,https://www.bilibili.com/video/av4231504,20000
【探索频道】惊天工程 之 世界最大的游轮【720p】【双语特效字幕】【纪录片之家科技控】,https://www.bilibili.com/video/av20747522,19000
【探索频道】揭秘秦陵兵马俑【双语特效字幕】【纪录片之家科技控】,https://www.bilibili.com/video/av19247438,19000
【纪录片】猫咪观察 3【720p】【双语特效字幕】【纪录片之家爱自然】,https://www.bilibili.com/video/av19157055,19000
【纪录片】圣经捕手 第一集【720p】【双语特效字幕】【纪录片之家字幕组】,https://www.bilibili.com/video/av7651398,19000
【纪录片】书迷 之 远大前程【中英特效字幕】【纪录片之家字幕组】,https://www.bilibili.com/video/av7523645,19000
【纪录片】体育兴奋剂-为了胜利不惜一切【1080p】【双语特效字幕】【纪录片之家字幕组】,https://www.bilibili.com/video/av6030145,19000
NG 野性黄石 上集  冰冻边境 双语字幕 纪录片之家字幕组,https://www.bilibili.com/video/av4182701,19000
【纪录片】奇特的动物伙伴 1 【720p】【双语特效字幕】【纪录片之家爱自然】,https://www.bilibili.com/video/av21620515,18000
【Star Media】罗曼诺夫王朝 1【双语特效字幕】【纪录片之家字幕组】,https://www.bilibili.com/video/av19942587,18000
【历史频道】肯·福莱特的黑暗时代之旅 黑死病【双语特效字幕】【纪录片之家字幕组】,https://www.bilibili.com/video/av18676730,18000
【史密森尼】圣地 之 圣殿骑士团【双语特效字幕】【纪录片之家字幕组】,https://www.bilibili.com/video/av8540897,18000
【科学频道】揭秘玛雅鲜血之城【720p】【双语特效字幕】【纪录片之家字幕组】,https://www.bilibili.com/video/av6210572,18000
【国家地理】罗马的命运：阿克提姆之战【双语特效字幕】【纪录片之家字幕组】,https://www.bilibili.com/video/av5407983,18000
【NG】奇妙的自然界 第一弹【中文特效字幕】【纪录片之家爱自然】,https://www.bilibili.com/video/av28076971,17000
【史密尼森】水下地狱-二战潜艇战 第二集 希特勒的报复【双语特效字幕】【纪录片之家字幕组】,https://www.bilibili.com/video/av6485102,17000
【科学频道】揭秘长城之魂【双语特效字幕】【纪录片之家字幕组】,https://www.bilibili.com/video/av5436971,17000
【纪录片】大卫爱登堡与巨型恐龙 【双语特效字幕】【纪录片之家字幕组】,https://www.bilibili.com/video/av4534706,17000
【纪录片】宠物岛 2/6【双语特效字幕】【纪录片之家字幕组】,https://www.bilibili.com/video/av4508320,17000
【国家地理】驼鹿 北境巨兽【中英字幕】【纪录片之家字幕组】,https://www.bilibili.com/video/av4344288,17000
历史频道 古代世界 之 决定性战役 第1集 中英字幕 纪录片之家字幕组,https://www.bilibili.com/video/av4258968,17000
【纪录片】 私家庄园揭秘 第二集 中英双语 纪录片之家字幕组,https://www.bilibili.com/video/av3792657,17000
【纪录片】自然界的微型奇迹【1080p】【双语特效字幕】【纪录片之家爱自然】,https://www.bilibili.com/video/av20015308,16000
【纪录片】极致山野 险境生灵 之 安第斯山脉【720p】【双语特效字幕】【纪录片之家爱自然】,https://www.bilibili.com/video/av17434302,16000
【OSF】狗狗秘闻【1080p】【纪录片之家爱自然】【双语特效字幕】,https://www.bilibili.com/video/av11665162,16000
【纪录片】原汁原味的贝多芬第五交响曲【双语特效字幕】【纪录片之家字幕组】,https://www.bilibili.com/video/av11443801,16000
【纪录片】脚下的英国 1【双语特效字幕】【纪录片之家科技控】,https://www.bilibili.com/video/av10032860,16000
【SKY】微型猛兽 第五集【双语特效字幕】【纪录片之家字幕组】,https://www.bilibili.com/video/av6694925,16000
【纪录片】金属制品之铁艺史话【720p】【双语特效字幕】【纪录片之家字幕组】,https://www.bilibili.com/video/av6062434,16000
【国家地理】血腥伦敦塔 第一集 叛国者【双语字幕】【纪录片之家字幕组】,https://www.bilibili.com/video/av4721761,16000
【国家地理】与摩根·弗里曼探寻神的故事 5 邪恶之源【纪录片之家字幕组】,https://www.bilibili.com/video/av4622213,16000
野性斯里兰卡 第1集 双语字幕 纪录片之家字幕组,https://www.bilibili.com/video/av4201194,16000
【纪录片】舌尖上的中国第八集幕后花絮,https://www.bilibili.com/video/av21074467,15000
【纪录片】平克·弗洛伊德之《月之暗面》 【双语特效字幕】【纪录片之家字幕组】,https://www.bilibili.com/video/av19074285,15000
【探索频道】奥斯曼帝国与基督教世界 - 欧洲之战 第二集【720p】【双语特效字幕】【纪录片之家字幕组】,https://www.bilibili.com/video/av16891330,15000
【纪录片】中国游客在巴黎【双语特效字幕】【纪录片之家字幕组】,https://www.bilibili.com/video/av16708463,15000
【纪录片】极致山野 险境生灵 之 喜马拉雅【720p】【双语特效字幕】【纪录片之家爱自然】,https://www.bilibili.com/video/av16640062,15000
【国家地理】食鲨虎鲸【双语特效字幕】【纪录片之家字幕组】,https://www.bilibili.com/video/av9923977,15000
【探索频道】超级运输 第二集【双语特效字幕】【纪录片之家字幕组】,https://www.bilibili.com/video/av9050144,15000
【SKY】起死回生 大卫·爱登堡探秘自然历史博物馆【双语字幕】【纪录片之家字幕组】,https://www.bilibili.com/video/av4862199,15000
【SKY】微型猛兽与大卫·爱登堡 第一集 冲突【双语字幕】【纪录片之家字幕组】,https://www.bilibili.com/video/av4829464,15000
【探索频道 】揭秘鲜血金字塔的诅咒【双语特效字幕】【纪录片之家科技控】,https://www.bilibili.com/video/av26175972,14000
【探索频道】飞行年代 1【双语特效字幕】【纪录片之家科技控】,https://www.bilibili.com/video/av18279697,14000
【PBS】非洲的伟大文明 1【双语特效字幕】【纪录片之家字幕组】,https://www.bilibili.com/video/av17762223,14000
【探索频道】超级运输 第五集【双语特效字幕】【纪录片之家字幕组】,https://www.bilibili.com/video/av14209484,14000
【探索频道】超级运输 第三集【双语特效字幕】【纪录片之家字幕组】,https://www.bilibili.com/video/av10715035,14000
【纪录片】十万镑建房之装修诀窍 第二集【720p】【双语特效字幕】【纪录片之家字幕组】,https://www.bilibili.com/video/av8156237,14000
【史密尼森】水下地狱-二战潜艇战 第四集 大西洋对决【双语特效字幕】【纪录片之家字幕组】,https://www.bilibili.com/video/av7595271,14000
【纪录片】了不起的动物遗孤 第三集【双语特效字幕】【纪录片之家字幕组】,https://www.bilibili.com/video/av5265255,14000
【探索频道】机器大拆解 之 电锯等【双语字幕】【纪录片之家字幕组】,https://www.bilibili.com/video/av5044957,14000
【PBS 自然】动物重逢【双语字幕】【纪录片之家字幕组】,https://www.bilibili.com/video/av4613728,14000
【纪录片】【古希腊瑰宝 3 漫长的阴影】【双语特效字幕】【纪录片之家字幕组】,https://www.bilibili.com/video/av4283884,14000
【PBS】拯救小海獭【纪录片之家双语字幕】,https://www.bilibili.com/video/av3676166,14000
【纪录片】极致山野 险境生灵 之 落基山脉【720p】【双语特效字幕】【纪录片之家爱自然】,https://www.bilibili.com/video/av16180056,13000
【探索频道】惊天工程 之 水下长鲸【720p】【双语特效字幕】【纪录片之家科技控】,https://www.bilibili.com/video/av13378861,13000
【探索频道】超级运输 第四集【双语特效字幕】【纪录片之家字幕组】,https://www.bilibili.com/video/av11715857,13000
【探索频道】变异星球第一集新西兰【1080p】【双语特效字幕】【纪录片之家爱自然】,https://www.bilibili.com/video/av8518013,13000
【IMAX】恐龙再现 - 巴塔哥尼亚的巨兽【1080p】【双语特效字幕】【纪录片之家字幕组】,https://www.bilibili.com/video/av6333328,13000
【纪录片】了不起的动物遗孤第四集【720p】【双语特效字幕】【纪录片之家字幕组】,https://www.bilibili.com/video/av5655876,13000
【国家地理】北欧野生风情录第四集终极幸存者【720p】【双语特效字幕】【纪录片之家字幕组】,https://www.bilibili.com/video/av5638953,13000
【纪录片】古罗马的瑰宝 第二集 盛观与堕落【双语特效字幕】【纪录片之家字幕组】,https://www.bilibili.com/video/av5078224,13000
野性斯里兰卡 第2集 双语字幕 纪录片之家字幕组,https://www.bilibili.com/video/av4325409,13000
【纪录片】 私家庄园揭秘 第六集 中英双语 纪录片之家字幕组,https://www.bilibili.com/video/av3923616,13000
【纪录片】私家庄园揭秘 第三集 中英双语 纪录片之家字幕组,https://www.bilibili.com/video/av3799575,13000
【纪录片】钓鱼城 天神折鞭之地【1080p】【双语特效字幕】【纪录片之家字幕组】,https://www.bilibili.com/video/av23623877,12000
【探索频道】奥斯曼帝国与基督教世界 - 欧洲之战 第三集【720p】【双语特效字幕】【纪录片之家字幕组】,https://www.bilibili.com/video/av18098207,12000
【纪录片】艺术爱好者指南 之 圣彼得堡【720p】【双语特效字幕】【纪录片之家字幕组】,https://www.bilibili.com/video/av16367645,12000
【探索频道】揭秘威斯敏斯特宫【双语特效字幕】【纪录片之家科技控】,https://www.bilibili.com/video/av11622444,12000
【探索频道】揭秘众神之颠【双语特效字幕】【纪录片之家科技控】,https://www.bilibili.com/video/av9945717,12000
【国家地理】希腊人 第二集【720p】【双语特效字幕】【纪录片之家字幕组】,https://www.bilibili.com/video/av6454472,12000
【纪录片】非凡收藏家第一集【双语特效字幕】【纪录片之家字幕组】,https://www.bilibili.com/video/av5511666,12000
【探索频道】昆虫王国 第一集 世界尽头的昆虫【双语字幕】【纪录片之家字幕组】,https://www.bilibili.com/video/av4850437,12000
 【国家地理】与摩根·弗里曼探寻神的故事 6 神迹之力【纪录片之家字幕组】,https://www.bilibili.com/video/av4710704,12000
【纪录片】生命博物馆 第一集 现代世界的博物馆【双语特效字幕】【纪录片之家字幕组】,https://www.bilibili.com/video/av4691776,12000
【纪录片】稚齿之担 中世纪儿童【双语特效字幕】【纪录片之家字幕组】,https://www.bilibili.com/video/av4680066,12000
【纪录片】和西蒙·里夫游希腊 2/2【中英特效字幕】【纪录片之家字幕组】,https://www.bilibili.com/video/av4492090,12000
【纪录片】艾伦的花园秘密 17世纪【双语特效字幕】【纪录片之家字幕组】,https://www.bilibili.com/video/av4445334,12000
【纪录片】私家庄园揭秘 第五集 中英双语 纪录片之家字幕组,https://www.bilibili.com/video/av3905043,12000
【纪录片】私家庄园揭秘 第四集 中英双语 纪录片之家字幕组,https://www.bilibili.com/video/av3833882,12000
【历史频道】恐龙探秘 2 猎杀霸王龙【双语特效字幕】【纪录片之家爱自然】,https://www.bilibili.com/video/av24261886,11000
【纪录片】赛洛克 咸鱼翻身记【双语特效字幕】【纪录片之家爱自然】,https://www.bilibili.com/video/av23992190,11000
【探索频道】惊天工程 之 世界最长的隧道【720p】【双语特效字幕】【纪录片之家科技控】,https://www.bilibili.com/video/av18151053,11000
【史密森尼】圣地 埃及【双语特效字幕】【纪录片之家字幕组】,https://www.bilibili.com/video/av16466030,11000
【纪录片】自然世界 - 长颈鹿：非洲温和巨物【双语特效字幕】【纪录片之家爱自然】,https://www.bilibili.com/video/av9071916,11000
【国家地理】希腊人 第三集【720p】【双语特效字幕】【纪录片之家字幕组】,https://www.bilibili.com/video/av6576628,11000
【国家地理】最后的狮子【双语特效字幕】【纪录片之家字幕组】,https://www.bilibili.com/video/av6351644,11000
【纪录片】古罗马的瑰宝 第三集 帝国的反击【双语特效字幕】【纪录片之家字幕组】,https://www.bilibili.com/video/av5089692,11000
【纪录片】空中生灵 第二集 飞行大师【双语特效字幕】【纪录片之家字幕组】,https://www.bilibili.com/video/av4743619,11000
【纪录片】丛林动物医院【双语特效字幕】【纪录片之家字幕组】,https://www.bilibili.com/video/av4666814,11000
【Getty Images TV】巨型建造系列【中文特效字幕】【纪录片之家科技控】,https://www.bilibili.com/video/av27043197,10000
【纪录片】波多黎各 魅力之岛 【双语特效字幕】【纪录片之家爱自然】,https://www.bilibili.com/video/av18354198,10000
【Eden】美国国家航空航天局十大成就 上 【720p】【双语特效字幕】【纪录片之家科技控】,https://www.bilibili.com/video/av16583103,10000
【纪录片】人类登陆火星 - 前往红色行星的任务【720p】【双语特效字幕】【纪录片之家科技控】,https://www.bilibili.com/video/av13579159,10000
【SKY】微型猛兽 第七集【双语特效字幕】【纪录片之家字幕组】,https://www.bilibili.com/video/av8035803,10000
【Sky频道】与大卫·爱登堡畅游植物王国第二集【720p】【双语特效字幕】【纪录片之家字幕组】,https://www.bilibili.com/video/av5807141,10000
【国家地理】北欧野生风情录第一集复苏【双语特效字幕】【纪录片之家字幕组】,https://www.bilibili.com/video/av5399149,10000
【纪录片】空中生灵 之 挑战重力 【双语特效字幕】【纪录片之家字幕组】,https://www.bilibili.com/video/av4378894,10000
【纪录片】美国司法 1【双语特效字幕】【纪录片之家字幕组】,https://www.bilibili.com/video/av26750090,9991
【探索频道】 机器大拆解 之 舷外发动机  气动扳手及圆珠笔【双语特效字幕】【纪录片之家科技控】,https://www.bilibili.com/video/av24982736,9990
【探索频道】飞行年代 3【双语特效字幕】【纪录片之家科技控】,https://www.bilibili.com/video/av20994423,9838
【纪录片】艺术爱好者指南 之 阿姆斯特丹【720p】【双语特效字幕】【纪录片之家字幕组】,https://www.bilibili.com/video/av14152766,9777
【国家地理】野性印度的秘密 第一集【双语特效字幕】【纪录片之家爱自然】,https://www.bilibili.com/video/av8451930,9774
【纪录片】十万镑建房之装修诀窍 第三集【720p】【双语特效字幕】【纪录片之家字幕组】,https://www.bilibili.com/video/av8628874,9706
【纪录片】宠物岛 3/6【双语特效字幕】【纪录片之家字幕组】,https://www.bilibili.com/video/av6446624,9597
【ABC】原油之旅 【双语特效字幕】【纪录片之家科技控】,https://www.bilibili.com/video/av21284825,9545
【SKY】90岁的爱登堡 镜头背后【双语字幕】【纪录片之家字幕组】,https://www.bilibili.com/video/av4592832,9526
【纪录片】鬼斧木工 第二集 光辉的格里林·吉本斯【双语特效字幕】【纪录片之家字幕组】,https://www.bilibili.com/video/av4523661,9473
【SKY】微型猛兽 第三集【双语特效字幕】【纪录片之家字幕组】,https://www.bilibili.com/video/av6470829,9412
【史密森尼】圣地 佩特拉【双语特效字幕】【纪录片之家字幕组】,https://www.bilibili.com/video/av7876393,9401
【国产高清】铁道记忆【中文字幕】【纪录片之家字幕组制作中文字幕】,https://www.bilibili.com/video/av4425680,9389
【探索频道】惊天工程 之 伦敦碎片大厦【720p】【双语特效字幕】【纪录片之家科技控】,https://www.bilibili.com/video/av25355228,9221
【短片集锦】奇妙的地点【中文特效字幕】【纪录片之家字幕组】,https://www.bilibili.com/video/av27206497,9124
【SKY】微型猛兽与大卫·爱登堡 第二集 掠食者【双语字幕】【纪录片之家字幕组】,https://www.bilibili.com/video/av4893233,9089
【纪录片】旅行者号 探索最遥远的边疆【1080p】【双语特效字幕】【纪录片之家科技控】,https://www.bilibili.com/video/av28717858,9053
【纪录片】自然世界 之 美洲豹 - 巴西大型猫科动物【双语特效字幕】【纪录片之家爱自然】,https://www.bilibili.com/video/av12741915,9013
【纪录片】盎格鲁-撒克逊第一集 阿尔弗雷德大王【720p】【双语特效字幕】【纪录片之家字幕组】,https://www.bilibili.com/video/av6371011,8984
【探索频道】 揭秘圣物之所 科隆大教堂【双语特效字幕】【纪录片之家科技控】,https://www.bilibili.com/video/av18011899,8973
【探索频道】变异星球第二集澳大利亚【1080p】【双语特效字幕】【纪录片之家爱自然】,https://www.bilibili.com/video/av10017784,8775
【Ch4】 运河之旅 之 荷兰【720p】【双语特效字幕】【纪录片之家字幕组】,https://www.bilibili.com/video/av13861996,8713
【探索频道】昆虫王国 之 不法之徒【双语字幕】【纪录片之家字幕组】,https://www.bilibili.com/video/av7704071,8711
【纪录片】空中生灵 第三集 拥挤的天空【双语特效字幕】【纪录片之家字幕组】,https://www.bilibili.com/video/av5122580,8578
【Ch5】阿波罗13号的真实故事【双语特效字幕】【纪录片之家科技控】,https://www.bilibili.com/video/av21978215,8574
【纪录片】自然伟力第四集暗淡蓝点【1080p】【双语特效字幕】【纪录片之家字幕组】,https://www.bilibili.com/video/av6494239,8472
【纪录片】书迷 之 第一对开本【中英特效字幕】【纪录片之家字幕组】,https://www.bilibili.com/video/av8070582,8394
【纪录片】蜜蜂的奇迹 第三集【720p】【双语特效字幕】【纪录片之家爱自然】,https://www.bilibili.com/video/av14597372,8392
【Eden】美国国家航空航天局十大成就 下 【720p】【双语特效字幕】【纪录片之家科技控】,https://www.bilibili.com/video/av18614728,8346
【PBS】非洲的伟大文明 2【双语特效字幕】【纪录片之家字幕组】,https://www.bilibili.com/video/av20628693,8342
【纪录片】皇家检控署检控官 第一集 检控【双语特效字幕】【纪录片之家字幕组】,https://www.bilibili.com/video/av25143073,8335
【Sky频道】与大卫·爱登堡畅游植物王国第三集【720p】【双语特效字幕】【纪录片之家字幕组】,https://www.bilibili.com/video/av5875880,8315
【探索频道】 机器大拆解 之 椭圆机 3D打印机和食品搅拌机 【双语特效字幕】【纪录片之家科技控】,https://www.bilibili.com/video/av21765105,8254
【PBS】喜马拉雅高山墓葬的秘密【双语特效字幕】【纪录片之家字幕组】,https://www.bilibili.com/video/av22294621,8178
【TOM新闻】拔罐疗法：迈克·菲尔普斯大红圆斑之谜【双语特效字幕】【纪录片之家字幕组】,https://www.bilibili.com/video/av5837083,8118
【ITV】情迷拉斐尔前派【双语特效字幕】【纪录片之家字幕组】,https://www.bilibili.com/video/av9807535,8016
【纪录片】骑士与背叛 百年战争 第二集【双语特效字幕】【纪录片之家字幕组】,https://www.bilibili.com/video/av10595066,8003
【PBS】新生动物的头几天【中英双字】【纪录片之家字幕组】,https://www.bilibili.com/video/av4352243,7979
【探索频道】飞行年代 2【双语特效字幕】【纪录片之家科技控】,https://www.bilibili.com/video/av20164376,7936
【纪录片】英国最惊艳的后院作品 【720p】【双语特效字幕】【纪录片之家科技控】,https://www.bilibili.com/video/av16211535,7925
【探索频道】变异星球第四集东非大裂谷【1080p】【双语特效字幕】【纪录片之家爱自然】,https://www.bilibili.com/video/av12897610,7920
【探索频道】机器大拆解之自动售货机 钢琴和手控下降器【720p】【双语特效字幕】【纪录片之家科技控】,https://www.bilibili.com/video/av12592893,7912
【纪录片】宠物岛 6/6【双语特效字幕】【纪录片之家字幕组】,https://www.bilibili.com/video/av16731908,7827
【探索频道】机器大拆解 之 台球桌 热水燃气锅炉和购物车【双语特效字幕】【纪录片之家科技控】,https://www.bilibili.com/video/av19028961,7821
【Ch4】 运河之旅 之 威尼斯【双语特效字幕】【纪录片之家字幕组】,https://www.bilibili.com/video/av8196262,7819
【探索频道】 机器大拆解 之 自动检票机 冰箱及电吉他【双语特效字幕】【纪录片之家科技控】,https://www.bilibili.com/video/av27594770,7799
PBS 艾尔莎的遗产-生而自由的故事 双语字幕 纪录片之家字幕组译制,https://www.bilibili.com/video/av3861868,7730
【探索频道 】机器大拆解 之 酸奶冰淇淋机 旋转栅门和办公座椅【双语特效字幕】【纪录片之家科技控】,https://www.bilibili.com/video/av17492212,7727
【纪录片】书迷 之 达洛维夫人【中英特效字幕】【纪录片之家字幕组】,https://www.bilibili.com/video/av8476282,7716
【史密森尼】圣地 神谕之所【双语特效字幕】【纪录片之家字幕组】,https://www.bilibili.com/video/av14677820,7597
【纪录片】宠物岛 4/6【双语特效字幕】【纪录片之家字幕组】,https://www.bilibili.com/video/av8609667,7581
【探索频道】飞行年代 4【双语特效字幕】【纪录片之家科技控】,https://www.bilibili.com/video/av23537871,7546
【历史频道】恐龙探秘 1 同类相食【双语特效字幕】【纪录片之家爱自然】,https://www.bilibili.com/video/av23456480,7543
【探索频道】飞行年代 5【双语特效字幕】【纪录片之家科技控】,https://www.bilibili.com/video/av24629734,7483
【SKY】微型猛兽 第四集【双语特效字幕】【纪录片之家字幕组】,https://www.bilibili.com/video/av6625522,7467
【探索频道】昆虫王国 之 一树一世界【双语字幕】【纪录片之家字幕组】,https://www.bilibili.com/video/av6084667,7344
【探索频道】 机器大拆解 之  千斤顶 数字投影仪和多功能组合工具钳 【双语特效字幕】【纪录片之家科技控】,https://www.bilibili.com/video/av20538675,7338
【纪录片】非凡收藏家第二集【720p】【双语特效字幕】【纪录片之家字幕组】,https://www.bilibili.com/video/av5558829,7331
【纪录片】自然伟力第三集飞蛾与火焰【1080p】【双语特效字幕】【纪录片之家】,https://www.bilibili.com/video/av6385635,7287
【纪录片】奇特的动物伙伴 2 【720p】【双语特效字幕】【纪录片之家爱自然】,https://www.bilibili.com/video/av23723017,7226
【ITV】刺猬旅馆【双语字幕】【纪录片之家字幕组】,https://www.bilibili.com/video/av4991172,7181
【国家地理】血腥伦敦塔 第二集 处决【双语字幕】【纪录片之家字幕组】,https://www.bilibili.com/video/av4820330,7134
【纪录片】金属制品之白银盛世【720p】【双语特效字幕】【纪录片之家字幕组】,https://www.bilibili.com/video/av5840590,7129
【Ch4】英国最受欢迎的童书【720p】【双语特效字幕】【纪录片之家字幕组】,https://www.bilibili.com/video/av18865170,7128
【纪录片】骑士与背叛 百年战争 第三集【双语特效字幕】【纪录片之家字幕组】,https://www.bilibili.com/video/av11083004,7077
【Ch4】警察神枪手【双语特效字幕】【纪录片之家字幕组】,https://www.bilibili.com/video/av8729878,7066
【纪录片】脚下的英国 2【双语特效字幕】【纪录片之家科技控】,https://www.bilibili.com/video/av11520644,6970
【纪录片】十万镑建房之装修诀窍 第四集【720p】【双语特效字幕】【纪录片之家字幕组】,https://www.bilibili.com/video/av9900969,6954
【纪录片】尤瓦尔·赫拉利教授在世界经济论坛上谈人类未来何去何从【双语特效字幕】【纪录片之家科技控】,https://www.bilibili.com/video/av24370722,6940
【纪录片】 自然世界 - 21世纪大猫 豹【双语特效字幕】【纪录片之家字幕组】,https://www.bilibili.com/video/av21204316,6904
【纪录片】蜜蜂的奇迹 第四集【720p】【双语特效字幕】【纪录片之家爱自然】,https://www.bilibili.com/video/av16068120,6872
【WFP】寒冬过后【720p】【双语特效字幕】【纪录片之家爱自然】,https://www.bilibili.com/video/av21348225,6858
【纪录片】丝路手工艺 第一集 织工【双语字幕】【纪录片之家字幕组】,https://www.bilibili.com/video/av4583416,6848
【Getty Images TV】自然惊悚系列短片【中文特效字幕】【纪录片之家爱自然】,https://www.bilibili.com/video/av27379451,6827
【SKY】微型猛兽 第六集【双语特效字幕】【纪录片之家字幕组】,https://www.bilibili.com/video/av7844296,6813
【国家地理】血腥伦敦塔 第三集 丑闻【双语字幕】【纪录片之家字幕组】,https://www.bilibili.com/video/av4925804,6806
【探索频道】昆虫王国 之 神秘的蝎子【双语字幕】【纪录片之家字幕组】,https://www.bilibili.com/video/av5304284,6678
【探索频道】机器大拆解之园林修剪器 喷洒器和摄像机镜头【720p】【双语特效字幕】【纪录片之家科技控】,https://www.bilibili.com/video/av14330343,6660
【纪录片】你知道吗第一集.仓鼠滚轮和昆虫旅馆【720p】【双语特效字幕】【纪录片之家字幕组】,https://www.bilibili.com/video/av6271211,6651
【纪录片】十万镑建房之装修诀窍 第六集【720p】【双语特效字幕】【纪录片之家字幕组】,https://www.bilibili.com/video/av11552230,6626
【纪录片】俄罗斯 - 老虎 熊和火山的领域【双语特效字幕】【纪录片之家爱自然】,https://www.bilibili.com/video/av20677630,6558
【Great Big Story】他们的精彩故事 第一弹【中文特效字幕】【纪录片之家字幕组】,https://www.bilibili.com/video/av27749697,6533
【纪录片】宠物岛 5/6【双语特效字幕】【纪录片之家字幕组】,https://www.bilibili.com/video/av14181396,6521
【历史频道】死亡面具【双语特效字幕】【纪录片之家字幕组】,https://www.bilibili.com/video/av28885965,6473
【历史频道】圣殿骑士团的海盗宝藏 第二集【双语特效字幕】【纪录片之家字幕组】,https://www.bilibili.com/video/av6562589,6464
【纪录片】部落 猛兽和我 第二集【双语字幕】【纪录片之家字幕组】,https://www.bilibili.com/video/av4553222,6452
【纪录片】艾伦的花园秘密 18世纪【双语字幕】【纪录片之家字幕组】,https://www.bilibili.com/video/av4572615,6413
【SK Films】蝴蝶飞舞【1080p】【双语特效字幕】【纪录片之家爱自然】,https://www.bilibili.com/video/av19343731,6382
【纪录片】圣经捕手 第二集【720p】【双语特效字幕】【纪录片之家字幕组】,https://www.bilibili.com/video/av9112592,6365
【探索频道】昆虫王国 之 捕虫之玄奥【双语字幕】【纪录片之家字幕组】,https://www.bilibili.com/video/av5250171,6364
【纪录片】十万镑建房之装修诀窍 第五集【720p】【双语特效字幕】【纪录片之家字幕组】,https://www.bilibili.com/video/av10788298,6335
【纪录片】你知道吗 第十一集 爆米花和意面【双语特效字幕】【纪录片之家科技控】,https://www.bilibili.com/video/av24085495,6318
【国家地理】野性印度的秘密 第二集【双语特效字幕】【纪录片之家爱自然】,https://www.bilibili.com/video/av10639771,6258
【纪录片】非凡收藏家第三集【720p】【双语特效字幕】【纪录片之家字幕组】,https://www.bilibili.com/video/av5672490,6232
【探索频道】变异星球第三集巴西大草原【1080p】【双语特效字幕】【纪录片之家爱自然】,https://www.bilibili.com/video/av10770664,6189
【探索频道】变异星球第五集马达加斯加【1080p】【双语特效字幕】【纪录片之家爱自然】,https://www.bilibili.com/video/av14265890,6128
【Power Pictures】阿尔卑斯 欧陆天堂【双语字幕】【纪录片之家字幕组】,https://www.bilibili.com/video/av4791791,6098
【PBS 自然】安第斯山脉 龙脊【双语字幕】【纪录片之家字幕组】,https://www.bilibili.com/video/av4485542,6053
【纪录片】印加 云之舞者 1【720p】【双语特效字幕】【纪录片之家字幕组】,https://www.bilibili.com/video/av21351070,5985
【国家地理】北欧野生风情录第二集挑战【双语特效字幕】【纪录片之家字幕组】,https://www.bilibili.com/video/av5466206,5940
【史密尼森】水下地狱-二战潜艇战 第五集 驱逐舰杀手【双语特效字幕】【纪录片之家字幕组】,https://www.bilibili.com/video/av24170004,5912
【Ch5】 克里斯·塔兰特的圣诞特快之旅【双语特效字幕】【纪录片之家字幕组】,https://www.bilibili.com/video/av17525148,5831
【纪录片】你知道吗 第十集 水滑梯和冰淇淋蛋筒【720p】,https://www.bilibili.com/video/av17724789,5824
【国家地理】野性印度的秘密 第三集【双语特效字幕】【纪录片之家爱自然】,https://www.bilibili.com/video/av12556046,5810
【Star Media】罗曼诺夫王朝 2【双语特效字幕】【纪录片之家字幕组】,https://www.bilibili.com/video/av27909423,5793
【史密森尼】圣地 爱尔兰【双语特效字幕】【纪录片之家字幕组】,https://www.bilibili.com/video/av22067784,5789
NG 野性黄石 下集  酷暑王国 双语字幕 纪录片之家字幕组,https://www.bilibili.com/video/av4190207,5758
【纪录片】蜻蜓 【双语特效字幕】【纪录片之家爱自然】,https://www.bilibili.com/video/av21898947,5711
【纪录片】非凡收藏家第五集【720p】【双语特效字幕】【纪录片之家字幕组】,https://www.bilibili.com/video/av5858116,5695
【BSKYB】罗斯·卡姆普的利比亚之行【双语特效字幕】【纪录片之家字幕组】,https://www.bilibili.com/video/av23416599,5610
【纪录片】非凡收藏家第四集【720p】【双语特效字幕】【纪录片之家字幕组】,https://www.bilibili.com/video/av5721916,5585
【探索频道】虎鲨滩【双语字幕】【纪录片之家字幕组】,https://www.bilibili.com/video/av5197357,5495
【纪录片】齐普赛的隐秘宝藏【720p】【双语特效字幕】【纪录片之家字幕组3】,https://www.bilibili.com/video/av6392731,5421
【国家地理】 蛮野之疆 1  花豹之岩【1080p】【双语特效字幕】【纪录片之家爱自然】,https://www.bilibili.com/video/av25642437,5397
【Doclights】 野性加拉帕戈斯 1【1080p】【双语特效字幕】【纪录片之家爱自然】,https://www.bilibili.com/video/av25244382,5305
【探索频道】昆虫王国 之 沙漠中的生命【双语字幕】【纪录片之家字幕组】,https://www.bilibili.com/video/av5712597,5226
【纪录片】断尾虎的故事【双语特效字幕】【纪录片之家爱自然】,https://www.bilibili.com/video/av20463532,5157
【纪录片】我的刚果【双语特效字幕】【纪录片之家爱自然】,https://www.bilibili.com/video/av11106016,5071
【纪录片】经典唱片 黑色安息日之《偏执狂》【双语特效字幕】  专业音频出品 【纪录片之家字幕组译制】,https://www.bilibili.com/video/av4135804,5071
【纪录片】你知道吗 第四集 垃圾车和报纸【720p】【双语特效字幕】【纪录片之家字幕组】,https://www.bilibili.com/video/av7550511,5041
【CH4】未报到的世界 之 被遗忘的大屠杀幸存者【双语字幕】【纪录片之家字幕组】,https://www.bilibili.com/video/av5096750,4985
【纪录片】你知道吗 第九集 热水和彩条牙膏【720p】【双语特效字幕】【纪录片之家科技控】,https://www.bilibili.com/video/av11146709,4956
【纪录片】你知道吗 第二十四集 拉链和网印T恤【720p】【双语特效字幕】【纪录片之家科技控】,https://www.bilibili.com/video/av26630527,4893
【探索频道】机器大拆解之割草机 挂锁和弹球机【720p】【双语特效字幕】【纪录片之家科技控】,https://www.bilibili.com/video/av17846381,4660
【国家地理】北欧野生风情录第三集海岸【720p】【双语特效字幕】【纪录片之家字幕组】,https://www.bilibili.com/video/av5527688,4614
【纪录片】非凡收藏家第六集【720p】【双语特效字幕】【纪录片之家字幕组】,https://www.bilibili.com/video/av6249416,4482
【纪录片】艾伦的花园秘密 十九世纪【双语特效字幕】【纪录片之家字幕组】,https://www.bilibili.com/video/av4810128,4449
【巴克罗夫特】太空看地球 2012-2016【中文特效字幕】【纪录片之家科技控】,https://www.bilibili.com/video/av28392032,4399
【纪录片】黑猩猩 【1080p】【双语特效字幕】【纪录片之家爱自然】,https://www.bilibili.com/video/av20899967,4391
【纪录片】你知道吗 第十二集 直升机旋翼和三轮车【720p】,https://www.bilibili.com/video/av18799346,4355
【国家地理】塞伦盖蒂的流浪者1 【1080p】【双语特效字幕】【纪录片之家爱自然】,https://www.bilibili.com/video/av26050137,4227
【Doclights】 野性加拉帕戈斯 2【1080p】【双语特效字幕】【纪录片之家爱自然】,https://www.bilibili.com/video/av26452850,4203
【纪录片】生命博物馆 第二集 挖出来的过去【双语特效字幕】【纪录片之家字幕组】,https://www.bilibili.com/video/av4838193,4181
【探索频道】昆虫王国 之 水生昆虫【双语字幕】【纪录片之家字幕组】,https://www.bilibili.com/video/av6593696,4156
【Ch4】 运河之旅 之 利兹-利物浦运河【720p】【双语特效字幕】【纪录片之家字幕组】,https://www.bilibili.com/video/av18428158,4155
【史密森尼】美国国家公园百年纪念【720p】【双语特效字幕】【纪录片之家爱自然】,https://www.bilibili.com/video/av13696888,4074
【纪录片】皇家检控署检控官 第二集 证据【双语特效字幕】【纪录片之家字幕组】,https://www.bilibili.com/video/av25118320,4013
【Sky频道】与大卫·爱登堡畅游植物王国幕后花絮【720p】【双语特效字幕】【纪录片之家字幕组】,https://www.bilibili.com/video/av5945600,3912
【探索频道】昆虫王国 之 昆虫商品【双语字幕】【纪录片之家字幕组】,https://www.bilibili.com/video/av6264619,3901
【纪录片】神秘的水-时间开始的地方.澳大利亚【720p】【双语特效字幕】【纪录片之家字幕组】,https://www.bilibili.com/video/av6237611,3892
【探索频道】昆虫王国 之 时光旅行者【双语字幕】【纪录片之家字幕组】,https://www.bilibili.com/video/av7980875,3875
【国家地理】 蛮野之疆 2 群狮之母【1080p】【双语特效字幕】【纪录片之家爱自然】,https://www.bilibili.com/video/av28146290,3802
【历史频道】恐龙探秘 3 杀手团伙【双语特效字幕】【纪录片之家爱自然】,https://www.bilibili.com/video/av24860968,3787
【纪录片】部落 猛兽和我 第三集【双语字幕】【纪录片之家字幕组】,https://www.bilibili.com/video/av6298810,3785
 【探索频道】昆虫王国 之 织工岛【双语字幕】【纪录片之家字幕组】,https://www.bilibili.com/video/av5987602,3770
【纪录片】 印加 云之舞者 2 【双语特效字幕】【纪录片之家字幕组】,https://www.bilibili.com/video/av24726141,3761
【历史频道】恐龙探秘 4 终极血战【双语特效字幕】【纪录片之家爱自然】,https://www.bilibili.com/video/av26892766,3754
【纪录片】你知道吗 第十七集 钢琴和鼓【双语特效字幕】【纪录片之家科技控】,https://www.bilibili.com/video/av20078619,3747
【纪录片之家字幕组】【进入野生骡鹿的世界】【双语特效】【PBS 自然】,https://www.bilibili.com/video/av3740632,3742
【探索频道】昆虫王国 之 化装舞会【双语字幕】【纪录片之家字幕组】,https://www.bilibili.com/video/av6656424,3720
【纪录片】皇家检控署检控官 第三集 审判【双语特效字幕】【纪录片之家字幕组】,https://www.bilibili.com/video/av25917433,3699
【纪录片】书迷 之 马比诺吉昂【中英特效字幕】【纪录片之家字幕组】,https://www.bilibili.com/video/av8583255,3660
【纪录片】大卫·鲍威关键的五年【双语特效字幕】【纪录片之家字幕组】,https://www.bilibili.com/video/av21068426,3616
【纪录片】你知道吗第二集.消防水龙和反光带【720p】【双语特效字幕】【纪录片之家字幕组】,https://www.bilibili.com/video/av6631480,3613
【纪录片】你知道吗 第十八集 巴士踏板和道路【双语特效字幕】【纪录片之家科技控】,https://www.bilibili.com/video/av21346993,3506
【纪录片】 鹰与心的追寻 新篇章 【双语特效字幕】【纪录片之家爱自然】,https://www.bilibili.com/video/av22163023,3410
【纪录片】你知道吗 第六集 猫洞和羊毛帽子【720p】【双语特效字幕】【纪录片之家科技控】,https://www.bilibili.com/video/av8648099,3408
【探索频道】昆虫王国 之 大联盟【双语字幕】【纪录片之家字幕组】,https://www.bilibili.com/video/av6363315,3341
【ITV】里克·维克曼探寻维瓦尔第《四季》【720p】【双语特效字幕】【纪录片之家字幕组】,https://www.bilibili.com/video/av6542494,3161
【纪录片】你知道吗 第十四集 旋转马车和蜡笔【720p】【双语特效字幕】【纪录片之家科技控】,https://www.bilibili.com/video/av12856861,3097
【纪录片】埃可 - 让人难忘的大象【双语特效字幕】【纪录片之家字幕组】,https://www.bilibili.com/video/av6527888,3000
【纪录片】花引蜂蝶 第三集【双语特效字幕】【纪录片之家爱自然】,https://www.bilibili.com/video/av8666418,2851
【纪录片】英国体彩烧红里约奥运【双语特效字幕】【纪录片之家字幕组】,https://www.bilibili.com/video/av5913756,2786
【纪录片】狂飙人生之约翰·保尔【双语特效字幕】【纪录片之家字幕组】,https://www.bilibili.com/video/av4697046,2769
【自然世界】与驼鹿家庭同行【1080p】【双语特效字幕】【纪录片之家字幕组】,https://www.bilibili.com/video/av5589686,2744
【纪录片】奇妙的世界【双语特效字幕】【纪录片之家爱自然】,https://www.bilibili.com/video/av29054562,2702
【纪录片】花引蜂蝶 第二集【双语特效字幕】【纪录片之家字幕组】,https://www.bilibili.com/video/av6665649,2544
【探索频道】昆虫王国 之 昆虫交响乐【双语字幕】【纪录片之家字幕组】,https://www.bilibili.com/video/av5812822,2458
【纪录片】经典唱片 卢·里德的《变压器》 【双语特效字幕】【纪录片之家字幕组】,https://www.bilibili.com/video/av20390120,1824
【经典唱片】 埃尔顿·约翰的“再见 黄砖路”【双语特效字幕】【纪录片之家字幕组】,https://www.bilibili.com/video/av23895602,1554
【纪录片】艺术爱好者指南 之 巴塞罗那【720p】【双语特效字幕】【纪录片之家字幕组】,https://www.bilibili.com/video/av16124289,0
【纪录片】儿童书迷 之 水孩子【1080p】【双语特效字幕】【纪录片之家字幕组】,https://www.bilibili.com/video/av14570246,0
【纪录片】自然世界 之 小猎豹快长大【720p】【双语特效字幕】【纪录片之家爱自然】,https://www.bilibili.com/video/av13776770,0
【纪录片】走进工厂 之 薯片【720p】【双语特效字幕】【纪录片之家科技控】,https://www.bilibili.com/video/av13737612,0
【纪录片】蜜蜂的奇迹 第二集【720p】【双语特效字幕】【纪录片之家爱自然】,https://www.bilibili.com/video/av13541035,0
【纪录片】儿童书迷 之 五个孩子和沙精【1080p】【中英特效字幕】【纪录片之家字幕组】,https://www.bilibili.com/video/av13498126,0
【纪录片】三色艺术史 之 白色【双语特效字幕】【纪录片之家字幕组】,https://www.bilibili.com/video/av13458718,0
【纪录片】蜜蜂的奇迹 第一集【720p】【双语特效字幕】【纪录片之家爱自然】,https://www.bilibili.com/video/av13015498,0
【纪录片】书迷 之 弗兰肯斯坦【中英特效字幕】【纪录片之家字幕组】,https://www.bilibili.com/video/av12778486,0
【纪录片】卡拉扬的魔力与神话【双语特效字幕】【纪录片之家字幕组】,https://www.bilibili.com/video/av12704693,0
【纪录片】走进圣诞工厂【双语特效字幕】,https://www.bilibili.com/video/av12666689,0
【纪录片】隐秘王国 第三集 【1080p】【双语特效字幕】【纪录片之家爱自然】,https://www.bilibili.com/video/av11585618,0
【纪录片】解密《贝多芬第五交响曲》【双语特效字幕】【纪录片之家字幕组】,https://www.bilibili.com/video/av10658316,0
【纪录片】你知道吗 第八集 血压仪和固定模【720p】【双语特效字幕】【纪录片之家科技控】,https://www.bilibili.com/video/av10629087,0
【纪录片】书迷 之 简·爱【中英特效字幕】【纪录片之家字幕组】,https://www.bilibili.com/video/av9985887,0
【纪录片】隐秘王国 第一集 【1080p】【双语特效字幕】【纪录片之家爱自然】,https://www.bilibili.com/video/av9856225,0
【纪录片】你知道吗 第七集 小船和热气球【720p】【双语特效字幕】【纪录片之家科技控】,https://www.bilibili.com/video/av9826037,0
【纪录片】骑士与背叛 百年战争 第一集【双语特效字幕】【纪录片之家字幕组】,https://www.bilibili.com/video/av9741185,0
【纪录片】艺术之夜 之 迈克尔·佩林会见简·莫里斯【双语特效字幕】【纪录片之家字幕组】,https://www.bilibili.com/video/av9032583,0
【纪录片】你知道吗 第16集 锁 钥匙和玻璃【双语特效字幕】【纪录片之家科技控】,https://www.bilibili.com/video/av8497301,0
【纪录片】自然世界 之 亚马逊大水獭【双语特效字幕】【纪录片之家爱自然】,https://www.bilibili.com/video/av8135375,0
【纪录片】你知道吗 第五集 自行车和网球【720p】【双语特效字幕】【纪录片之家字幕组】,https://www.bilibili.com/video/av7927970,0
【纪录片】三色艺术史 之 金色【双语特效字幕】【纪录片之家字幕组】,https://www.bilibili.com/video/av7418067,0
【纪录片】镜头下的勃朗特姐妹【720p】【双语特效字幕】【纪录片之家字幕组】,https://www.bilibili.com/video/av6725069,0
【纪录片】花引蜂蝶 第一集【双语特效字幕】【纪录片之家字幕组】,https://www.bilibili.com/video/av6511467,0
【探索频道】惊天工程 之 世界最大水坝 三峡工程【双语字幕】【纪录片之家字幕组】,https://www.bilibili.com/video/av4776486,0
CBC 喷火者 - 特朗普的崛起与怒火 中英字幕 纪录片之家字幕组,https://www.bilibili.com/video/av4253677,0
【纪录片】波提切利的维纳斯 【双语特效字幕】 【纪录片之家字幕组】,https://www.bilibili.com/video/av4173133,0
【纪录片】【古希腊瑰宝 2 古典革命】【双语特效字幕】【纪录片之家字幕组】,https://www.bilibili.com/video/av4151806,0
